species,gene_family,n_sequences,omega,boot_median,ci_lo,ci_hi,n_pairs,n_dS0,n_valid,n_genomes_present,n_multicopy_genomes,species_input_sha256,method_version
L. delbrueckii,dnaK,31,0.0859,0.0864,0.063,0.1087,465,48,417,31,0,b1210d126c40790bfe1b4f63f347d707533e58266d92f6fdf40cc9b577104f98,ng86_singlecopy_genomebootstrap_v3_cohortbound
L. delbrueckii,ligA,31,0.1137,0.1138,0.1041,0.1254,465,16,449,31,0,b1210d126c40790bfe1b4f63f347d707533e58266d92f6fdf40cc9b577104f98,ng86_singlecopy_genomebootstrap_v3_cohortbound
L. delbrueckii,mutL,31,0.1508,0.1509,0.1338,0.1728,465,14,451,31,0,b1210d126c40790bfe1b4f63f347d707533e58266d92f6fdf40cc9b577104f98,ng86_singlecopy_genomebootstrap_v3_cohortbound
L. delbrueckii,mutM,31,0.1621,0.162,0.133,0.1967,465,15,450,31,0,b1210d126c40790bfe1b4f63f347d707533e58266d92f6fdf40cc9b577104f98,ng86_singlecopy_genomebootstrap_v3_cohortbound
L. delbrueckii,mutS,31,0.0849,0.0848,0.0714,0.0996,465,8,457,31,0,b1210d126c40790bfe1b4f63f347d707533e58266d92f6fdf40cc9b577104f98,ng86_singlecopy_genomebootstrap_v3_cohortbound
L. delbrueckii,nth,14,0.2961,0.2954,0.2206,0.3147,91,48,43,14,0,b1210d126c40790bfe1b4f63f347d707533e58266d92f6fdf40cc9b577104f98,ng86_singlecopy_genomebootstrap_v3_cohortbound
L. delbrueckii,polA,31,0.0793,0.0789,0.0668,0.0893,465,6,459,31,0,b1210d126c40790bfe1b4f63f347d707533e58266d92f6fdf40cc9b577104f98,ng86_singlecopy_genomebootstrap_v3_cohortbound
L. delbrueckii,radA,31,0.0434,0.0432,0.0307,0.0581,465,9,456,31,0,b1210d126c40790bfe1b4f63f347d707533e58266d92f6fdf40cc9b577104f98,ng86_singlecopy_genomebootstrap_v3_cohortbound
L. delbrueckii,recA,31,0.1207,0.1176,0.0667,0.1975,465,22,443,31,0,b1210d126c40790bfe1b4f63f347d707533e58266d92f6fdf40cc9b577104f98,ng86_singlecopy_genomebootstrap_v3_cohortbound
L. delbrueckii,recN,31,0.1636,0.1645,0.1239,0.2051,465,15,450,31,0,b1210d126c40790bfe1b4f63f347d707533e58266d92f6fdf40cc9b577104f98,ng86_singlecopy_genomebootstrap_v3_cohortbound
L. delbrueckii,recO,31,0.1968,0.198,0.1557,0.2431,465,16,449,31,0,b1210d126c40790bfe1b4f63f347d707533e58266d92f6fdf40cc9b577104f98,ng86_singlecopy_genomebootstrap_v3_cohortbound
L. delbrueckii,recR,31,0.0833,0.0834,0.06,0.1048,465,25,440,31,0,b1210d126c40790bfe1b4f63f347d707533e58266d92f6fdf40cc9b577104f98,ng86_singlecopy_genomebootstrap_v3_cohortbound
L. delbrueckii,ruvA,31,0.1915,0.1913,0.1375,0.2592,465,126,339,31,0,b1210d126c40790bfe1b4f63f347d707533e58266d92f6fdf40cc9b577104f98,ng86_singlecopy_genomebootstrap_v3_cohortbound
L. delbrueckii,ruvB_1,31,0.1171,0.1176,0.0802,0.1574,465,20,445,31,0,b1210d126c40790bfe1b4f63f347d707533e58266d92f6fdf40cc9b577104f98,ng86_singlecopy_genomebootstrap_v3_cohortbound
L. delbrueckii,ssb,31,0.1396,0.1389,0.0898,0.1962,465,45,420,31,0,b1210d126c40790bfe1b4f63f347d707533e58266d92f6fdf40cc9b577104f98,ng86_singlecopy_genomebootstrap_v3_cohortbound
L. delbrueckii,trxB,31,0.0478,0.0469,0.0269,0.0734,465,12,453,31,0,b1210d126c40790bfe1b4f63f347d707533e58266d92f6fdf40cc9b577104f98,ng86_singlecopy_genomebootstrap_v3_cohortbound
L. delbrueckii,uvrA,31,0.1087,0.1083,0.0953,0.1237,465,11,454,31,0,b1210d126c40790bfe1b4f63f347d707533e58266d92f6fdf40cc9b577104f98,ng86_singlecopy_genomebootstrap_v3_cohortbound
L. delbrueckii,uvrB_1~~~uvrB_2,31,0.1558,0.1547,0.122,0.2037,465,8,457,31,0,b1210d126c40790bfe1b4f63f347d707533e58266d92f6fdf40cc9b577104f98,ng86_singlecopy_genomebootstrap_v3_cohortbound
L. delbrueckii,uvrB_2,31,0.1412,0.1422,0.0986,0.1873,465,11,454,31,0,b1210d126c40790bfe1b4f63f347d707533e58266d92f6fdf40cc9b577104f98,ng86_singlecopy_genomebootstrap_v3_cohortbound
L. delbrueckii,uvrC,31,0.0744,0.0744,0.0613,0.0892,465,15,450,31,0,b1210d126c40790bfe1b4f63f347d707533e58266d92f6fdf40cc9b577104f98,ng86_singlecopy_genomebootstrap_v3_cohortbound
L. delbrueckii,ytpP,31,0.1075,0.1066,0.0783,0.1534,465,87,378,31,0,b1210d126c40790bfe1b4f63f347d707533e58266d92f6fdf40cc9b577104f98,ng86_singlecopy_genomebootstrap_v3_cohortbound
L. plantarum,dnaK,31,0.1322,0.1312,0.0244,0.2387,465,78,387,31,0,451d45719f0b5542bad7e9c9487b1adacc75e3cb880a0b439af4b333ff4a6e70,ng86_singlecopy_genomebootstrap_v3_cohortbound
L. plantarum,ligA,31,0.0314,0.0308,0.0092,0.0796,465,187,278,31,0,451d45719f0b5542bad7e9c9487b1adacc75e3cb880a0b439af4b333ff4a6e70,ng86_singlecopy_genomebootstrap_v3_cohortbound
L. plantarum,mutM,31,0.0403,0.0407,0.0233,0.0561,465,74,391,31,0,451d45719f0b5542bad7e9c9487b1adacc75e3cb880a0b439af4b333ff4a6e70,ng86_singlecopy_genomebootstrap_v3_cohortbound
L. plantarum,mutS,31,0.0308,0.0308,0.0135,0.051,465,51,414,31,0,451d45719f0b5542bad7e9c9487b1adacc75e3cb880a0b439af4b333ff4a6e70,ng86_singlecopy_genomebootstrap_v3_cohortbound
L. plantarum,mutS_2,10,0.1156,0.1228,0.0,0.2868,45,9,36,10,0,451d45719f0b5542bad7e9c9487b1adacc75e3cb880a0b439af4b333ff4a6e70,ng86_singlecopy_genomebootstrap_v3_cohortbound
L. plantarum,nox_2~~~nox_1,31,0.1003,0.0985,0.0481,0.159,465,98,367,31,0,451d45719f0b5542bad7e9c9487b1adacc75e3cb880a0b439af4b333ff4a6e70,ng86_singlecopy_genomebootstrap_v3_cohortbound
L. plantarum,nox_2~~~nox_4,31,0.0786,0.0785,0.0728,0.098,465,35,430,31,0,451d45719f0b5542bad7e9c9487b1adacc75e3cb880a0b439af4b333ff4a6e70,ng86_singlecopy_genomebootstrap_v3_cohortbound
L. plantarum,nox_3,31,0.0835,0.0841,0.0456,0.1362,465,102,363,31,0,451d45719f0b5542bad7e9c9487b1adacc75e3cb880a0b439af4b333ff4a6e70,ng86_singlecopy_genomebootstrap_v3_cohortbound
L. plantarum,nth_2,31,0.029,0.0281,0.0052,0.0642,465,87,378,31,0,451d45719f0b5542bad7e9c9487b1adacc75e3cb880a0b439af4b333ff4a6e70,ng86_singlecopy_genomebootstrap_v3_cohortbound
L. plantarum,nth_2~~~nth_1,31,0.0917,0.0909,0.0599,0.1333,465,149,316,31,0,451d45719f0b5542bad7e9c9487b1adacc75e3cb880a0b439af4b333ff4a6e70,ng86_singlecopy_genomebootstrap_v3_cohortbound
L. plantarum,radA,31,0.087,0.0825,0.0065,0.1578,465,94,371,31,0,451d45719f0b5542bad7e9c9487b1adacc75e3cb880a0b439af4b333ff4a6e70,ng86_singlecopy_genomebootstrap_v3_cohortbound
L. plantarum,recA,31,0.0684,0.0648,0.0,0.168,465,173,292,31,0,451d45719f0b5542bad7e9c9487b1adacc75e3cb880a0b439af4b333ff4a6e70,ng86_singlecopy_genomebootstrap_v3_cohortbound
L. plantarum,recN,31,0.0298,0.0297,0.0254,0.034,465,53,412,31,0,451d45719f0b5542bad7e9c9487b1adacc75e3cb880a0b439af4b333ff4a6e70,ng86_singlecopy_genomebootstrap_v3_cohortbound
L. plantarum,recO,31,0.0627,0.0635,0.0324,0.1016,465,72,393,31,0,451d45719f0b5542bad7e9c9487b1adacc75e3cb880a0b439af4b333ff4a6e70,ng86_singlecopy_genomebootstrap_v3_cohortbound
L. plantarum,recR,31,0.0,0.0,0.0,0.0,465,45,420,31,0,451d45719f0b5542bad7e9c9487b1adacc75e3cb880a0b439af4b333ff4a6e70,ng86_singlecopy_genomebootstrap_v3_cohortbound
L. plantarum,ruvA,31,0.0456,0.0437,0.0,0.1054,465,179,286,31,0,451d45719f0b5542bad7e9c9487b1adacc75e3cb880a0b439af4b333ff4a6e70,ng86_singlecopy_genomebootstrap_v3_cohortbound
L. plantarum,ruvB,31,0.019,0.018,0.0,0.0383,465,95,370,31,0,451d45719f0b5542bad7e9c9487b1adacc75e3cb880a0b439af4b333ff4a6e70,ng86_singlecopy_genomebootstrap_v3_cohortbound
L. plantarum,ruvB_1,31,0.061,0.061,0.0381,0.0912,465,34,431,31,0,451d45719f0b5542bad7e9c9487b1adacc75e3cb880a0b439af4b333ff4a6e70,ng86_singlecopy_genomebootstrap_v3_cohortbound
L. plantarum,ssbA_1~~~ssb~~~ssbA_2,4,0.119,0.119,0.0738,0.3439,6,0,6,4,0,451d45719f0b5542bad7e9c9487b1adacc75e3cb880a0b439af4b333ff4a6e70,ng86_singlecopy_genomebootstrap_v3_cohortbound
L. plantarum,ssbA_2~~~ssbA,31,0.078,0.078,0.0449,0.0963,465,285,180,31,0,451d45719f0b5542bad7e9c9487b1adacc75e3cb880a0b439af4b333ff4a6e70,ng86_singlecopy_genomebootstrap_v3_cohortbound
L. plantarum,trxA_1,31,0.075,0.0762,0.0428,0.1037,465,306,159,31,0,451d45719f0b5542bad7e9c9487b1adacc75e3cb880a0b439af4b333ff4a6e70,ng86_singlecopy_genomebootstrap_v3_cohortbound
L. plantarum,trxA_2~~~trxA_3,31,0.1081,0.1081,0.0757,0.1508,465,85,380,31,0,451d45719f0b5542bad7e9c9487b1adacc75e3cb880a0b439af4b333ff4a6e70,ng86_singlecopy_genomebootstrap_v3_cohortbound
L. plantarum,trxA_3,31,0.0101,0.0102,0.0,0.0328,465,224,241,31,0,451d45719f0b5542bad7e9c9487b1adacc75e3cb880a0b439af4b333ff4a6e70,ng86_singlecopy_genomebootstrap_v3_cohortbound
L. plantarum,trxB,31,0.0378,0.0363,0.0041,0.0719,465,143,322,31,0,451d45719f0b5542bad7e9c9487b1adacc75e3cb880a0b439af4b333ff4a6e70,ng86_singlecopy_genomebootstrap_v3_cohortbound
L. plantarum,uvrA_1,31,0.0145,0.014,0.0039,0.0253,465,28,437,31,0,451d45719f0b5542bad7e9c9487b1adacc75e3cb880a0b439af4b333ff4a6e70,ng86_singlecopy_genomebootstrap_v3_cohortbound
L. plantarum,uvrA_5,31,0.1272,0.1267,0.0949,0.1769,465,33,432,31,0,451d45719f0b5542bad7e9c9487b1adacc75e3cb880a0b439af4b333ff4a6e70,ng86_singlecopy_genomebootstrap_v3_cohortbound
L. plantarum,uvrB,31,0.006,0.0059,0.0,0.0134,465,22,443,31,0,451d45719f0b5542bad7e9c9487b1adacc75e3cb880a0b439af4b333ff4a6e70,ng86_singlecopy_genomebootstrap_v3_cohortbound
L. plantarum,uvrC,31,0.0093,0.0093,0.0055,0.014,465,62,403,31,0,451d45719f0b5542bad7e9c9487b1adacc75e3cb880a0b439af4b333ff4a6e70,ng86_singlecopy_genomebootstrap_v3_cohortbound
L. plantarum,ytpP,31,0.0983,0.0977,0.0437,0.1603,465,235,230,31,0,451d45719f0b5542bad7e9c9487b1adacc75e3cb880a0b439af4b333ff4a6e70,ng86_singlecopy_genomebootstrap_v3_cohortbound
L. rhamnosus,dnaK,31,0.0041,0.004,0.0,0.0089,465,69,396,31,0,3de4529df5220291b27aa956a3a76efca5e56a23be173a31b78d6654af79f3ed,ng86_singlecopy_genomebootstrap_v3_cohortbound
L. rhamnosus,group_1158,10,0.2381,0.2372,0.2093,0.2971,45,12,33,10,0,3de4529df5220291b27aa956a3a76efca5e56a23be173a31b78d6654af79f3ed,ng86_singlecopy_genomebootstrap_v3_cohortbound
L. rhamnosus,group_1844,5,0.0982,0.0982,0.0794,0.1612,10,1,9,5,0,3de4529df5220291b27aa956a3a76efca5e56a23be173a31b78d6654af79f3ed,ng86_singlecopy_genomebootstrap_v3_cohortbound
L. rhamnosus,ligA_1~~~ligA_2,16,0.2695,0.2606,0.1321,0.4777,120,25,95,16,0,3de4529df5220291b27aa956a3a76efca5e56a23be173a31b78d6654af79f3ed,ng86_singlecopy_genomebootstrap_v3_cohortbound
L. rhamnosus,ligA~~~ligA_1,31,0.0257,0.0257,0.0223,0.0294,465,99,366,31,0,3de4529df5220291b27aa956a3a76efca5e56a23be173a31b78d6654af79f3ed,ng86_singlecopy_genomebootstrap_v3_cohortbound
L. rhamnosus,mutL,31,0.0704,0.0711,0.0529,0.0853,465,60,405,31,0,3de4529df5220291b27aa956a3a76efca5e56a23be173a31b78d6654af79f3ed,ng86_singlecopy_genomebootstrap_v3_cohortbound
L. rhamnosus,mutS_2,31,0.0022,0.0022,0.0008,0.0035,465,60,405,31,0,3de4529df5220291b27aa956a3a76efca5e56a23be173a31b78d6654af79f3ed,ng86_singlecopy_genomebootstrap_v3_cohortbound
L. rhamnosus,nox_2,31,0.0438,0.0436,0.0299,0.0603,465,117,348,31,0,3de4529df5220291b27aa956a3a76efca5e56a23be173a31b78d6654af79f3ed,ng86_singlecopy_genomebootstrap_v3_cohortbound
L. rhamnosus,nox_2~~~nox_1,19,0.045,0.045,0.026,0.0694,171,59,112,19,0,3de4529df5220291b27aa956a3a76efca5e56a23be173a31b78d6654af79f3ed,ng86_singlecopy_genomebootstrap_v3_cohortbound
L. rhamnosus,nox_3,31,0.0418,0.0422,0.0284,0.0563,465,110,355,31,0,3de4529df5220291b27aa956a3a76efca5e56a23be173a31b78d6654af79f3ed,ng86_singlecopy_genomebootstrap_v3_cohortbound
L. rhamnosus,nth~~~nth_1,31,0.0878,0.0876,0.0783,0.1005,465,107,358,31,0,3de4529df5220291b27aa956a3a76efca5e56a23be173a31b78d6654af79f3ed,ng86_singlecopy_genomebootstrap_v3_cohortbound
L. rhamnosus,nth~~~nth_2,31,0.051,0.0514,0.0403,0.0637,465,106,359,31,0,3de4529df5220291b27aa956a3a76efca5e56a23be173a31b78d6654af79f3ed,ng86_singlecopy_genomebootstrap_v3_cohortbound
L. rhamnosus,polA,31,0.0223,0.0223,0.0184,0.0261,465,56,409,31,0,3de4529df5220291b27aa956a3a76efca5e56a23be173a31b78d6654af79f3ed,ng86_singlecopy_genomebootstrap_v3_cohortbound
L. rhamnosus,radA,31,0.0032,0.0031,0.0012,0.0052,465,60,405,31,0,3de4529df5220291b27aa956a3a76efca5e56a23be173a31b78d6654af79f3ed,ng86_singlecopy_genomebootstrap_v3_cohortbound
L. rhamnosus,recA_1,31,0.031,0.0312,0.0254,0.0362,465,49,416,31,0,3de4529df5220291b27aa956a3a76efca5e56a23be173a31b78d6654af79f3ed,ng86_singlecopy_genomebootstrap_v3_cohortbound
L. rhamnosus,recN,31,0.0289,0.0291,0.024,0.0348,465,63,402,31,0,3de4529df5220291b27aa956a3a76efca5e56a23be173a31b78d6654af79f3ed,ng86_singlecopy_genomebootstrap_v3_cohortbound
L. rhamnosus,recO,31,0.0738,0.0737,0.0602,0.0903,465,94,371,31,0,3de4529df5220291b27aa956a3a76efca5e56a23be173a31b78d6654af79f3ed,ng86_singlecopy_genomebootstrap_v3_cohortbound
L. rhamnosus,recR,31,0.0425,0.0431,0.0143,0.085,465,153,312,31,0,3de4529df5220291b27aa956a3a76efca5e56a23be173a31b78d6654af79f3ed,ng86_singlecopy_genomebootstrap_v3_cohortbound
L. rhamnosus,ruvA,31,0.0058,0.0057,0.0,0.0181,465,119,346,31,0,3de4529df5220291b27aa956a3a76efca5e56a23be173a31b78d6654af79f3ed,ng86_singlecopy_genomebootstrap_v3_cohortbound
L. rhamnosus,ruvB_2,31,0.0062,0.0061,0.0035,0.0092,465,119,346,31,0,3de4529df5220291b27aa956a3a76efca5e56a23be173a31b78d6654af79f3ed,ng86_singlecopy_genomebootstrap_v3_cohortbound
L. rhamnosus,ssbA,31,0.0405,0.0404,0.0303,0.0549,465,102,363,31,0,3de4529df5220291b27aa956a3a76efca5e56a23be173a31b78d6654af79f3ed,ng86_singlecopy_genomebootstrap_v3_cohortbound
L. rhamnosus,ssb_1~~~ssb_2,31,0.063,0.0624,0.0399,0.0885,465,97,368,31,0,3de4529df5220291b27aa956a3a76efca5e56a23be173a31b78d6654af79f3ed,ng86_singlecopy_genomebootstrap_v3_cohortbound
L. rhamnosus,trxA_1,31,0.0,0.0,0.0,0.0,465,435,30,31,0,3de4529df5220291b27aa956a3a76efca5e56a23be173a31b78d6654af79f3ed,ng86_singlecopy_genomebootstrap_v3_cohortbound
L. rhamnosus,trxA_2,31,0.0995,0.1004,0.0747,0.1353,465,130,335,31,0,3de4529df5220291b27aa956a3a76efca5e56a23be173a31b78d6654af79f3ed,ng86_singlecopy_genomebootstrap_v3_cohortbound
L. rhamnosus,uvrA_1,31,0.0178,0.0178,0.0146,0.021,465,98,367,31,0,3de4529df5220291b27aa956a3a76efca5e56a23be173a31b78d6654af79f3ed,ng86_singlecopy_genomebootstrap_v3_cohortbound
L. rhamnosus,uvrA_1~~~uvrA_3,31,0.0514,0.0515,0.0443,0.0582,465,99,366,31,0,3de4529df5220291b27aa956a3a76efca5e56a23be173a31b78d6654af79f3ed,ng86_singlecopy_genomebootstrap_v3_cohortbound
L. rhamnosus,uvrB,31,0.003,0.003,0.0008,0.0058,465,93,372,31,0,3de4529df5220291b27aa956a3a76efca5e56a23be173a31b78d6654af79f3ed,ng86_singlecopy_genomebootstrap_v3_cohortbound
L. rhamnosus,ytpP,31,0.0,0.0,0.0,0.0,465,184,281,31,0,3de4529df5220291b27aa956a3a76efca5e56a23be173a31b78d6654af79f3ed,ng86_singlecopy_genomebootstrap_v3_cohortbound
