species,accession,is_focal,prokka_directory,prokka_fna_exists,prokka_fna_bytes,prokka_fna_sha256,prokka_tsv_exists,prokka_tsv_bytes,prokka_tsv_sha256,prokka_faa_exists,prokka_faa_bytes,prokka_ffn_exists,prokka_ffn_bytes,prokka_gff_exists,prokka_gff_bytes,prokka_gff_sha256,cohort_sha256
L. delbrueckii,GCF_000056065.1,False,/home/jovyan/bacterial_genome_article/paper1_results/background_work/prokka/L_delbrueckii/GCF_000056065.1,True,1896095,88925b0f6139c40e25c41df8846a63e5f1d0fa11de2ecc8270cbd510635e32d4,True,128080,2b24eebbcf493b417172fa5e65183672a1f03966bbefe45e62d6f82721ecb3bc,True,618017,True,1734302,True,2356289,e0f2529eab743ade0cc6c18282e5df925a9779cc0f9de72f09b0c8993395f122,9eb1c430adbf703e84b2370e066388b60b70d72b65d14e853d82a6246d4719a4
L. delbrueckii,GCF_002847905.1,False,/home/jovyan/bacterial_genome_article/paper1_results/background_work/prokka/L_delbrueckii/GCF_002847905.1,True,2084926,ce1122876f237f5073c31df0fd9ff7ab412df66bdc2473675f02522a7fb33f83,True,131109,6fa32b2b1278ea302d2debd54dfaa16e119af72860a1b9341f6c7c6cd302cae2,True,681548,True,1878188,True,2565040,5f83a36bc4c80049891ddc2e6157e8ea3613800b67eb136a5569f08fa6935624,9eb1c430adbf703e84b2370e066388b60b70d72b65d14e853d82a6246d4719a4
L. delbrueckii,GCF_003545935.1,False,/home/jovyan/bacterial_genome_article/paper1_results/background_work/prokka/L_delbrueckii/GCF_003545935.1,True,1772783,6774af330a429cbd16d9ec01959620af3245383fa3e1a14b5c3443936252f4c4,True,118944,2adb2a4a7ec34c2138a9b2fcf0a6214d6e44d3af520f4d9d3a0ce94ba0cdd8ba,True,589632,True,1616091,True,2208880,6c42b79e8af7c0cdcf5a88b88186184194fa6f907505f3263980604b6c12972f,9eb1c430adbf703e84b2370e066388b60b70d72b65d14e853d82a6246d4719a4
L. delbrueckii,GCF_004211505.1,False,/home/jovyan/bacterial_genome_article/paper1_results/background_work/prokka/L_delbrueckii/GCF_004211505.1,True,2047055,a0cf7797e1c2ddf232d51330ea60be682be7f470956aea74be7e07c0a558672b,True,128907,9d538e58e800eb4a184a4b2ab6ab16db5a38e19ea7ce0b28cd5a22e0b08f99cf,True,670090,True,1845947,True,2518821,7c2d4c1d79ca1357386fbdcf6ae4c7447a0bdad956683bf7acb62daf6f2b93f4,9eb1c430adbf703e84b2370e066388b60b70d72b65d14e853d82a6246d4719a4
L. delbrueckii,GCF_004211735.1,False,/home/jovyan/bacterial_genome_article/paper1_results/background_work/prokka/L_delbrueckii/GCF_004211735.1,True,1997422,32e9b7a2dfe5d9a662a48bdf26a67cfa61101449ca4e43a087a6ee6f4cbafbfe,True,126043,a7b47555bdc92ae956aeeee5efb14a19899be472599a41fdee805e70f2c5bd8f,True,653187,True,1796240,True,2458876,91d9770f7f05761eb3e8ddf987fd7e4cc8adb17f3e0f68fedafc368dc2af6837,9eb1c430adbf703e84b2370e066388b60b70d72b65d14e853d82a6246d4719a4
L. delbrueckii,GCF_009362855.1,False,/home/jovyan/bacterial_genome_article/paper1_results/background_work/prokka/L_delbrueckii/GCF_009362855.1,True,1816469,fdd68c0e049f4995154ef5be5c15fba2d65f95a5d32f5a54c4fb85f51b8c4543,True,121641,c0ae4d3da0782c69c59a053ac72a7ba700f22cb260daf5e0365b373ba7a8766a,True,603346,True,1655127,True,2261612,294b53d7880a2ffe1ffef924eb3bf780788d6acfc2f255f5e23f085b82af933e,9eb1c430adbf703e84b2370e066388b60b70d72b65d14e853d82a6246d4719a4
L. delbrueckii,GCF_009734125.1,False,/home/jovyan/bacterial_genome_article/paper1_results/background_work/prokka/L_delbrueckii/GCF_009734125.1,True,1884597,547aa3050eacc59d3c6a79bb46a25d5d1a3361a8eb48702fd61e530ecd8bc325,True,126126,d769d87d9c21e09173a5390dba8ecc7e693de626caf24f1d30f1575eb8b8770f,True,613785,True,1724501,True,2340898,56a8ea44fd20b45bb7441c8736f1a4ae433c3726bf583f2328f400d9fddd53d8,9eb1c430adbf703e84b2370e066388b60b70d72b65d14e853d82a6246d4719a4
L. delbrueckii,GCF_014830125.1,False,/home/jovyan/bacterial_genome_article/paper1_results/background_work/prokka/L_delbrueckii/GCF_014830125.1,True,2059435,1046831e665ba5d1347c67bbf050039656416d22df9833bd650d992292f91aef,True,130022,9fd380e2fb8ff75588e7b173872840bc0f1e859bab771d91ae070e5710933925,True,667958,True,1838106,True,2538131,2646dc0ef798135b1f99687562ab630309ad498127b9d5279dd65affc9ef6c56,9eb1c430adbf703e84b2370e066388b60b70d72b65d14e853d82a6246d4719a4
L. delbrueckii,GCF_015377785.1,False,/home/jovyan/bacterial_genome_article/paper1_results/background_work/prokka/L_delbrueckii/GCF_015377785.1,True,1902453,878a9fb5e4707be43c5cfbc6b6755803ecfdf6afd0a36b72427523fdd1945c19,True,127602,6523869e3cce615c0d65753e01c0929be2ca86d1953364ebed1ecef6b67b42a0,True,622545,True,1748591,True,2364299,2443bde6b456e5fef06bfab311f7b54c714b5809418ec45bef2e0c448e06c4a0,9eb1c430adbf703e84b2370e066388b60b70d72b65d14e853d82a6246d4719a4
L. delbrueckii,GCF_019583415.1,False,/home/jovyan/bacterial_genome_article/paper1_results/background_work/prokka/L_delbrueckii/GCF_019583415.1,True,1768706,8059004ed51a493a9c992d5a9c06ff67009e4ff0b66ddbbd17f011f39f1e17cc,True,114780,d764bfa2a8af64a5d5c3f2a2ab53b0ef14822d64e6c76311253595f7a2a39f06,True,589746,True,1618223,True,2188028,d6c9d981267b7d5d8b08df1e715aa7a8efea8e8a88f27c8067e9bde640ed03fc,9eb1c430adbf703e84b2370e066388b60b70d72b65d14e853d82a6246d4719a4
L. delbrueckii,GCF_021600185.1,False,/home/jovyan/bacterial_genome_article/paper1_results/background_work/prokka/L_delbrueckii/GCF_021600185.1,True,2038179,64e595d9bf03c53a27284227bb4580bccf6ef4ce765d89fc8a4847ecf6d2d792,True,128908,3e3a71a6c877fb5f80c01c3955a733c4f7886102dbd231c5683adefc77d675e0,True,652335,True,1795294,True,2514178,806fd64e29857f8981139130f9059a6b839c7a829c6256c5d0558671f04fe52e,9eb1c430adbf703e84b2370e066388b60b70d72b65d14e853d82a6246d4719a4
L. delbrueckii,GCF_021600205.1,False,/home/jovyan/bacterial_genome_article/paper1_results/background_work/prokka/L_delbrueckii/GCF_021600205.1,True,2026429,f299d7b1908d8a4a50e957945c9135a0019d49f9f194860182fc4b711e956ebe,True,126824,0c817997709ab66e1ed5d5233601b1577ad11fc1c480ab599b6ee5dc7e2a7c07,True,643665,True,1773377,True,2496352,92027b4602b69d9e450bcf2c7b4232645ee0ff97201034b30dc0bd30c1ccd15a,9eb1c430adbf703e84b2370e066388b60b70d72b65d14e853d82a6246d4719a4
L. delbrueckii,GCF_021600245.1,False,/home/jovyan/bacterial_genome_article/paper1_results/background_work/prokka/L_delbrueckii/GCF_021600245.1,True,2000133,cab9e3d0e488212849c0bfa0830fbe39c2095ebc1d6f13ca2a72dd60a81170e2,True,130112,eaff837d4a1d764b084926c2c9419d9c071833137fa31409e3f8330e41f53aa3,True,642189,True,1764209,True,2480954,321efc510341c5b69ef53ab666b5893731805390cc9604601fb590704e221a5c,9eb1c430adbf703e84b2370e066388b60b70d72b65d14e853d82a6246d4719a4
L. delbrueckii,GCF_021600265.1,False,/home/jovyan/bacterial_genome_article/paper1_results/background_work/prokka/L_delbrueckii/GCF_021600265.1,True,1944756,cd627118b466ded6dc14087c73622e758fb20a5dcd90108307c63a32e2df35c0,True,123256,f21f3e8f9c9cf035f2c9e3c3686833a2587fc5c2785914c715cd19b1c7e9ec76,True,636503,True,1756111,True,2396730,b8f8246bc52f53dc320c7e95560fcc931eebd3fdfee38febda3fe794aba2eed0,9eb1c430adbf703e84b2370e066388b60b70d72b65d14e853d82a6246d4719a4
L. delbrueckii,GCF_021600345.1,False,/home/jovyan/bacterial_genome_article/paper1_results/background_work/prokka/L_delbrueckii/GCF_021600345.1,True,2007707,a81905397c18d1166b16db1980d55bb4fe57b06defbcdee5942966779a609fe4,True,127892,c65974b00fed02ceb994dad6d3ab37c9a0776727cfcc61df6fb8115e4a75eb09,True,651612,True,1795197,True,2477873,b727ddc41bfae0b9814fbf88c4e1ef3bd9b99b0d8987c452c839a3658b66b2e3,9eb1c430adbf703e84b2370e066388b60b70d72b65d14e853d82a6246d4719a4
L. delbrueckii,GCF_021600365.1,False,/home/jovyan/bacterial_genome_article/paper1_results/background_work/prokka/L_delbrueckii/GCF_021600365.1,True,2056512,1a28cb914d95078fe7cd3e4d9add4bd77f8cd6084aff23ea30cd17ad3a628f2e,True,128590,ddf651cf9050219ef98102737790a6c1f73692c0427ecbe0daa9f1f9475e6b56,True,675235,True,1866176,True,2528491,e98b3b457e24e69ad32383997ccaa324f898fe04445b55d66d5dd4f84160d82b,9eb1c430adbf703e84b2370e066388b60b70d72b65d14e853d82a6246d4719a4
L. delbrueckii,GCF_021600385.1,False,/home/jovyan/bacterial_genome_article/paper1_results/background_work/prokka/L_delbrueckii/GCF_021600385.1,True,2138301,2e356e66a47fa6c00d434286aa91fa5a75d5d73905fafe512099a80b583e45e6,True,133302,0b55eb63db2cc79eb8d091381ea532c8985c7c6970d24cc0334b946a5afb3a01,True,680828,True,1875300,True,2631784,ee28c9aaf5c004b5728d8fcedf224ecf7e22941fa3ea9069e5ea18a824dc0638,9eb1c430adbf703e84b2370e066388b60b70d72b65d14e853d82a6246d4719a4
L. delbrueckii,GCF_021600405.1,False,/home/jovyan/bacterial_genome_article/paper1_results/background_work/prokka/L_delbrueckii/GCF_021600405.1,True,2087153,695d6ef575397690c2e15557c05ef82fc26ed69a00bd0bd44952c206094fdaeb,True,128997,47900b599e71663a9548c5973afb4c8cc822aec862f7a167e3786e6b96aeeabf,True,654932,True,1803156,True,2567021,8544c8f46404565585e5d9dbdae7cfbf0584a29aa9fbb12bd8881837c6187b52,9eb1c430adbf703e84b2370e066388b60b70d72b65d14e853d82a6246d4719a4
L. delbrueckii,GCF_021600425.1,False,/home/jovyan/bacterial_genome_article/paper1_results/background_work/prokka/L_delbrueckii/GCF_021600425.1,True,2048763,4858d5e577cc5efacadb89ed4e61c9696b1ed8a277b8c88b9a6f0ea77f9a2d1b,True,125766,4bd7bda64f5c9bd130fe6295c0c26dd48633df8d4d779eaf369b267f4829c88f,True,637177,True,1747602,True,2518908,6917793720c158ff2a82e1b9651dabfc1f40f4e912f158c18f5001c25c21395e,9eb1c430adbf703e84b2370e066388b60b70d72b65d14e853d82a6246d4719a4
L. delbrueckii,GCF_021600445.1,False,/home/jovyan/bacterial_genome_article/paper1_results/background_work/prokka/L_delbrueckii/GCF_021600445.1,True,2153409,83c013c113104d095ce7c8d027114c64bcb5c694ab27bc03ccf3d6c4d2dbac33,True,132814,367af17944ef547f51fcecbabdb8282d941b007d4d9849b7e97da7d6bb0b7792,True,693625,True,1913506,True,2642894,3a137b131fb40ffe2fde967943f76137105cddab5edce890dc027ec5c944deae,9eb1c430adbf703e84b2370e066388b60b70d72b65d14e853d82a6246d4719a4
L. delbrueckii,GCF_021600465.1,False,/home/jovyan/bacterial_genome_article/paper1_results/background_work/prokka/L_delbrueckii/GCF_021600465.1,True,2089491,2d49595f66ba316bca9a4812a78494a25ef3e4da4f7d72393513e0edc3f9f203,True,129931,29a530bee0072d3dd87171d63d2b275977808c86847ef7553103fd17a81779e2,True,661738,True,1821427,True,2571042,a8b71d80c080150e3c0debd11f41a6480559c5c8188a9a21b4ac3daf93b5ce7a,9eb1c430adbf703e84b2370e066388b60b70d72b65d14e853d82a6246d4719a4
L. delbrueckii,GCF_021600485.1,False,/home/jovyan/bacterial_genome_article/paper1_results/background_work/prokka/L_delbrueckii/GCF_021600485.1,True,2099105,87fa4b884e668dc43d82628f3f6ca761338fd4ba3bd373bc9c0750ed57ed0f01,True,130034,db4a0f328c5a9317f8079e6cf6ac7f6d01a174150bf70ab632f7e856e2f6c3c7,True,661818,True,1823464,True,2581727,359dc0cab09eb61ad0e58983c0d6c26d0b7ea16631488e23d64d825095a6e055,9eb1c430adbf703e84b2370e066388b60b70d72b65d14e853d82a6246d4719a4
L. delbrueckii,GCF_021600505.1,False,/home/jovyan/bacterial_genome_article/paper1_results/background_work/prokka/L_delbrueckii/GCF_021600505.1,True,1959451,e778ca2c2998d2e68eed4aa2c0ae4d0230c13cc43be978a0ef3c416a057c1cb4,True,125948,bee8b59e8f48b9b45393f2bcabd88a08613da556b1145c53e4da31d207d23f25,True,626807,True,1722699,True,2423220,83af6b9565741a1d16ab579829d446f83aff2a19289ed595a99fec2d7b6be188,9eb1c430adbf703e84b2370e066388b60b70d72b65d14e853d82a6246d4719a4
L. delbrueckii,GCF_021600525.1,False,/home/jovyan/bacterial_genome_article/paper1_results/background_work/prokka/L_delbrueckii/GCF_021600525.1,True,2208033,7eb83d5dbd64963884cbe4579fcc0f8c08eec5c9b5bb4215a0c86e091d0656b1,True,136082,cc30ba998f408cbbec05dfddf39001a755aea8eb0cab33cb3eb60199716845d4,True,705297,True,1943291,True,2710831,f747223cefa7a0ece6e4dad00bcdd88762c0e74fb921103d3735020db9069144,9eb1c430adbf703e84b2370e066388b60b70d72b65d14e853d82a6246d4719a4
L. delbrueckii,GCF_021600545.1,False,/home/jovyan/bacterial_genome_article/paper1_results/background_work/prokka/L_delbrueckii/GCF_021600545.1,True,2027617,9c7378e763301250e25e004f96ebc494233701a6d56d374dddaf5c135bc7e10a,True,127533,2a2da74ed00fd680b31ff00311ed933ed7b6f4e45b6ffbade0048b48af571f84,True,654678,True,1801860,True,2497055,5abd545c2113c4fd4e13d4f66171b62ce5ce0b92d77adb9e3537a723c3a8d92a,9eb1c430adbf703e84b2370e066388b60b70d72b65d14e853d82a6246d4719a4
L. delbrueckii,GCF_021600565.1,False,/home/jovyan/bacterial_genome_article/paper1_results/background_work/prokka/L_delbrueckii/GCF_021600565.1,True,2011698,e247136b47a94054c6ac0dde32d278a5a80591f550c26ae036fad7664e179495,True,128417,9b8b9671bfff057d928d410894e9eb06dd15dd3cfe4da794086736b4ababb800,True,650654,True,1790096,True,2485060,be1683c18c3fe5aaeb1294f88480996a23d9aeb64845730e22cd14359adf1d1b,9eb1c430adbf703e84b2370e066388b60b70d72b65d14e853d82a6246d4719a4
L. delbrueckii,GCF_021600585.1,False,/home/jovyan/bacterial_genome_article/paper1_results/background_work/prokka/L_delbrueckii/GCF_021600585.1,True,2102795,6114b5e96ab96ef826a4e21170500b3633231ba7d7cd7f99661a1a836fcb096e,True,128834,96d5f5171244ce2f583fd3723dde1e067fa8493faebd96b3618d4a2b0d7df272,True,647298,True,1776332,True,2583703,bbfa0b541cf3ead113c140058366b4ec3f38c89d993c3e61c1fa5dab3164d576,9eb1c430adbf703e84b2370e066388b60b70d72b65d14e853d82a6246d4719a4
L. delbrueckii,GCF_021600605.1,False,/home/jovyan/bacterial_genome_article/paper1_results/background_work/prokka/L_delbrueckii/GCF_021600605.1,True,2097661,9dd1da962916d24f426ce9131a5ca6b7fd79ea7fb4002cdd78d99ce73d5bb76f,True,130332,e7699a4442e5bd9c5a1d2dabce18316ab7ef976806a6d9867f498ee591c868ec,True,668285,True,1840795,True,2579274,fd68433657533688a67d6d5564746f8e59711890ac2ac24bc9240b17085a9d82,9eb1c430adbf703e84b2370e066388b60b70d72b65d14e853d82a6246d4719a4
L. delbrueckii,GCF_021600625.1,False,/home/jovyan/bacterial_genome_article/paper1_results/background_work/prokka/L_delbrueckii/GCF_021600625.1,True,2106612,12fed93d648fdba2eacf75aec68e93b32067b3bb7d71583ce938872dcffe2ace,True,130619,df68950cfb2b3fa117650ddb301075b3728e916b4c61ae0671ec9d2f650f3f19,True,668455,True,1841939,True,2589771,5ec22ba9e41096a6f380fa5a501b788524584b59f9d4d5989ec7b19d9a5214af,9eb1c430adbf703e84b2370e066388b60b70d72b65d14e853d82a6246d4719a4
L. delbrueckii,GCF_021600645.1,False,/home/jovyan/bacterial_genome_article/paper1_results/background_work/prokka/L_delbrueckii/GCF_021600645.1,True,2129946,67f92335d37446167dc3ad7c76f2774d444d6e39fe0ab44579cff320256e36a3,True,132777,bb381d2deb2d8ecdc15384b5ac9ab9fe418a57ce7a8abfaef5f358da1df28ce0,True,669866,True,1843874,True,2622605,1d85f48b11fca8165b1a36f0192ed3c0d4c094a8343f8739163d6b3b281cc97b,9eb1c430adbf703e84b2370e066388b60b70d72b65d14e853d82a6246d4719a4
L. delbrueckii,IAHAHI,True,/home/jovyan/bacterial_genome_article/paper1_results/background_work/prokka/L_delbrueckii/IAHAHI,True,1796572,9f959c0e8e7825f5a7f8b306c49dbf0651be276b2290b6d4e48f2c1726c01b99,True,124404,9a37d373354719accb353f7c5f917eff5213177f180afcd2e86baf8b8d520c0e,True,602027,True,1646485,True,2244562,7ba4df1a78f0ee644763131830981fe9f505e8a74e6f8f129cb42b9e4c0d13e2,9eb1c430adbf703e84b2370e066388b60b70d72b65d14e853d82a6246d4719a4
L. plantarum,GCF_000687495.1,False,/home/jovyan/bacterial_genome_article/paper1_results/background_work/prokka/L_plantarum/GCF_000687495.1,True,3501191,1599c2830e52692c8ada6486aa260728f755415a9ccc7be6b54495258367371d,True,214721,fd435887c2e41ad3a8129747904ed97dcd9a018b0e5d95d57ebc5f7e9215dcc1,True,1111444,True,3070102,True,4283779,0833051fc4b1fe7b0cba3cb60bd035e629d6da293d0b5a5e0d967ba7e1338f46,9eb1c430adbf703e84b2370e066388b60b70d72b65d14e853d82a6246d4719a4
L. plantarum,GCF_000731855.1,False,/home/jovyan/bacterial_genome_article/paper1_results/background_work/prokka/L_plantarum/GCF_000731855.1,True,3380122,c8995091fe08708494dfd28ca2f9106b78233b2895282e3c15e8e242f2bbae0d,True,206073,3847ef24e154a7b1e8c2919cbd8f27c7b8ce723038d8eb14262f711bd76daa76,True,1088741,True,2991217,True,4128124,ab3e12193a7ba091c39fffb174926d223e446e130d82fd9f6e32e8c5bb1db21a,9eb1c430adbf703e84b2370e066388b60b70d72b65d14e853d82a6246d4719a4
L. plantarum,GCF_000743895.1,False,/home/jovyan/bacterial_genome_article/paper1_results/background_work/prokka/L_plantarum/GCF_000743895.1,True,3249551,62d4b6b4c9f836716d9154f067d9dd4a2335c8770469d7930e20c8b51a54248a,True,197973,5f7f7f38ab5d6479b6e365519287ba5f11faaafe5568ce17ad40dc4e4e8b69ab,True,1045203,True,2870549,True,3968379,27262d5d0e5d781c0c58312a1cb4b9469f7f190810b41cfbae574e9134256273,9eb1c430adbf703e84b2370e066388b60b70d72b65d14e853d82a6246d4719a4
L. plantarum,GCF_000764285.1,False,/home/jovyan/bacterial_genome_article/paper1_results/background_work/prokka/L_plantarum/GCF_000764285.1,True,3368941,65a0ce0e1d651475aaab732d06c444d50f7c1318bb4b3484d1aea5739618569a,True,204771,056e0f7e7a72e3d55b9c2bcd2a0b0d6a576f680398158baae72410120fdc755a,True,1084148,True,2996799,True,4106225,5f9e86c0cfad34a7aa3d184af312a0210d0829db690ad558160b05631170c1f0,9eb1c430adbf703e84b2370e066388b60b70d72b65d14e853d82a6246d4719a4
L. plantarum,GCF_000931425.2,False,/home/jovyan/bacterial_genome_article/paper1_results/background_work/prokka/L_plantarum/GCF_000931425.2,True,3365898,c7d7cadb559024525969642699e09e5bfbd6fc41b0dad163a2971aa5b1ae9513,True,204635,82c7cf55e4a4d0a6785d366b7fc7ce70682fcef790a263f9cca7bbd64531fd77,True,1089920,True,3016376,True,4102092,435d82ffcdf3e86d519d3d470eaf95d284c0944584c62b34086e1711a6dc3ed0,9eb1c430adbf703e84b2370e066388b60b70d72b65d14e853d82a6246d4719a4
L. plantarum,GCF_000956195.1,False,/home/jovyan/bacterial_genome_article/paper1_results/background_work/prokka/L_plantarum/GCF_000956195.1,True,3294751,f47d137bc35744d82e139392312600e72e44d1ef90767f9ed3637f6e8af71cb3,True,198946,05ac135d702f1660b36ca047997e28c0ce026c43968044d032b6a8960d43ae1b,True,1049342,True,2878667,True,4020094,842a46d34802a62abf38c8b8b9c3fa3e5787b7fac590faab016db5571cd9e378,9eb1c430adbf703e84b2370e066388b60b70d72b65d14e853d82a6246d4719a4
L. plantarum,GCF_000966475.1,False,/home/jovyan/bacterial_genome_article/paper1_results/background_work/prokka/L_plantarum/GCF_000966475.1,True,3409960,0c7f482a2cb4c47d876d91abd776d06a6a635da6afacf93b232425abd7754893,True,211342,583a6724644e50e289c0f88ab186d3b37add4794bbdd2d5bfe166e7c6127088b,True,1092237,True,3013320,True,4179959,7f1c30fb36851d5f1869d109381fb61074061abde2c064113248e5e3aedc64ec,9eb1c430adbf703e84b2370e066388b60b70d72b65d14e853d82a6246d4719a4
L. plantarum,GCF_001005695.1,False,/home/jovyan/bacterial_genome_article/paper1_results/background_work/prokka/L_plantarum/GCF_001005695.1,True,3134061,2d846e03a5e7a38ea2d1d011d62f5a03504a38a1d3a7bb4d5c5c5207eadfddc0,True,192717,6432345d14fc8ee16ed7051ed3d19e899ae5bb2bc8a9b6e8da3cf5f81778846d,True,998722,True,2736465,True,3835875,b8030b4973ba999a3ec7a5d4c7a5553a96bfae066812dc472d9bfb68387363cc,9eb1c430adbf703e84b2370e066388b60b70d72b65d14e853d82a6246d4719a4
L. plantarum,GCF_001005805.1,False,/home/jovyan/bacterial_genome_article/paper1_results/background_work/prokka/L_plantarum/GCF_001005805.1,True,3381450,75783d426dcac555dfe31111ca1757e5bc97c08f73d2fa652f86c6528fa491ad,True,205302,257b0c19876a4ec5e9b51534564513d2dd33419a42dbe02bd101ad831ea0d5a7,True,1091197,True,3011013,True,4130865,dd327af7cc4d396e8670d86285dad04e7caa8449efab8162e3474f6fb933b6cf,9eb1c430adbf703e84b2370e066388b60b70d72b65d14e853d82a6246d4719a4
L. plantarum,GCF_001010175.1,False,/home/jovyan/bacterial_genome_article/paper1_results/background_work/prokka/L_plantarum/GCF_001010175.1,True,3385945,4eda3090852a3889e1a9c77f2b4377534c2050beff05c866eb32b2e43e995831,True,205458,24079a9441941ef34cc29070ec57c497bd0abfab0f589ced94f6c5d99ff4b783,True,1089957,True,3003039,True,4132476,0d8938000d958667ea9ec03bc33ed8d09cee7a5eadc1ecd47fe555a6a47c959a,9eb1c430adbf703e84b2370e066388b60b70d72b65d14e853d82a6246d4719a4
L. plantarum,GCF_001267905.1,False,/home/jovyan/bacterial_genome_article/paper1_results/background_work/prokka/L_plantarum/GCF_001267905.1,True,3270785,dbb3066507013e5909f5c3eeec3fea4b9fee544bfe2330d8efa3145907791f2f,True,200073,de33454c9974a6a029b0a786cd7a20927dffce749fc3b5d83c9efe5a3fb73fb4,True,1057654,True,2904474,True,3984356,577648745254bbea4a697b3aea4d8bb0a8c94407968e05902209ff1d2720ae26,9eb1c430adbf703e84b2370e066388b60b70d72b65d14e853d82a6246d4719a4
L. plantarum,GCF_001278015.1,False,/home/jovyan/bacterial_genome_article/paper1_results/background_work/prokka/L_plantarum/GCF_001278015.1,True,3291628,c4ba7136e5c36d608b7534ba1220a84afe012dc874ea094198a5aa07b1918ae4,True,201071,b2371d42a4156920542dccd7ddcdb96522cabddecbc4b8587f17f74925038b93,True,1066361,True,2951848,True,4016097,a15cde803b133836d0bbcca887387bcf23099c29f0da5b654823260707f855f0,9eb1c430adbf703e84b2370e066388b60b70d72b65d14e853d82a6246d4719a4
L. plantarum,GCF_001296095.1,False,/home/jovyan/bacterial_genome_article/paper1_results/background_work/prokka/L_plantarum/GCF_001296095.1,True,3251658,b10d1e2a4ce66aa1e502a3af0fd6a33f017d264765ee5ab8c59c3c7a09d37333,True,197535,19d22b373da2a5136722b34d1a8399f621d87ae8ca9761add2a0708bcdb55cb8,True,1049625,True,2906132,True,3962829,beb753377623669ec32392e9a77c644311b2646288095a8bcce1d2d13b37c723,9eb1c430adbf703e84b2370e066388b60b70d72b65d14e853d82a6246d4719a4
L. plantarum,GCF_001302645.1,False,/home/jovyan/bacterial_genome_article/paper1_results/background_work/prokka/L_plantarum/GCF_001302645.1,True,3462641,4cefa60e9ab293cadc2512159c1471033bf23bae1bc2881ed01d2325a1ae6c0e,True,219675,8e0dacb4c5a41e112f9c93e06c07eea9ad1d01cf1a92bd953ffe1f3cb1c811be,True,1114669,True,3067817,True,4254504,591e055fd3960e2f76ec4f28cc8a1fef68e3d8efaa3b1f360b526c1aec96a9e7,9eb1c430adbf703e84b2370e066388b60b70d72b65d14e853d82a6246d4719a4
L. plantarum,GCF_001308305.1,False,/home/jovyan/bacterial_genome_article/paper1_results/background_work/prokka/L_plantarum/GCF_001308305.1,True,3285672,3579a18772788d1134492c87719c518427d0cc28446b50cd21abc6f70fea7ae0,True,199713,5a40661b6af9f888b6f0ddd76f6b4ec06944a0a7b10ef8e2d35352a92d33d2b7,True,1060901,True,2926392,True,4015047,0ab5e4cc2e66b33d16843ec9adcf58abaad78bdbef77995e4c7739e1a447e2b8,9eb1c430adbf703e84b2370e066388b60b70d72b65d14e853d82a6246d4719a4
L. plantarum,GCF_001331925.2,False,/home/jovyan/bacterial_genome_article/paper1_results/background_work/prokka/L_plantarum/GCF_001331925.2,True,3193965,bc1f4bf4108d5c50e41c605434ff26be948143178dae9fd75c8cf8b50fccb398,True,194627,ca02b82da2741ef0cf5382834efd7000f51ce4720c8d8b290db62330d2050bd8,True,1027742,True,2845044,True,3895176,b8650a70a9298c5efb9a25bb45dc51666ef68922453c2f4dd53190d7f0f572b2,9eb1c430adbf703e84b2370e066388b60b70d72b65d14e853d82a6246d4719a4
L. plantarum,GCF_001368775.1,False,/home/jovyan/bacterial_genome_article/paper1_results/background_work/prokka/L_plantarum/GCF_001368775.1,True,3279889,8ccb8058afd2689be6fd873ed0c2ca5e8e029c46ce71b1f12e87ccde44c0cf6c,True,200438,bbcc8156e056ba592d6d8d6532258dd5340a561e4b50bb46875ef49c91d32154,True,1052420,True,2889397,True,4010555,4660b2b9d104f10055481b1d883bae44dcb9793f7eeb1b39e79671fd9194ab49,9eb1c430adbf703e84b2370e066388b60b70d72b65d14e853d82a6246d4719a4
L. plantarum,GCF_001436855.1,False,/home/jovyan/bacterial_genome_article/paper1_results/background_work/prokka/L_plantarum/GCF_001436855.1,True,3498890,ab7d62f2828078d08ab15679c2186ccca65f311be29d5b4d5d851df299114c9e,True,212904,b593c5a6cd01a8ab4a04fc27b4c45ee069baf7dc0a404a3ce481f2b0fa1c7ce4,True,1125427,True,3090523,True,4274402,f71fb8e0807e502d15f691431200f0c08c19ef4d996ebc65ca814868c550d941,9eb1c430adbf703e84b2370e066388b60b70d72b65d14e853d82a6246d4719a4
L. plantarum,GCF_001444495.1,False,/home/jovyan/bacterial_genome_article/paper1_results/background_work/prokka/L_plantarum/GCF_001444495.1,True,3282169,395abd907983759c5118109049a012bec6c1298a4bb8f39edb667df0c6dc6506,True,200319,aab151a83bdf87de6ada1031b49aefbc4c6799c568e5dc315f7b26c76324df41,True,1061229,True,2926093,True,4010186,54f25d9acacc0396b2e4ef683b40da63f14ecf49cda0a4a0f7f912fdc89094da,9eb1c430adbf703e84b2370e066388b60b70d72b65d14e853d82a6246d4719a4
L. plantarum,GCF_001484005.1,False,/home/jovyan/bacterial_genome_article/paper1_results/background_work/prokka/L_plantarum/GCF_001484005.1,True,3377879,3be929158aa62bd63d8c356264553e5e1d7ce67f5334c3c6114976e19c62ee14,True,206559,c28d1b745079eb0f6b873c3ad6ef4ea869b12f921e939aa3311c580921cb6583,True,1087780,True,3008017,True,4121727,90dc97cd7811c703a301c2b9f56c307f632dcb7c34024f30e45159587b5f6a90,9eb1c430adbf703e84b2370e066388b60b70d72b65d14e853d82a6246d4719a4
L. plantarum,GCF_001540925.1,False,/home/jovyan/bacterial_genome_article/paper1_results/background_work/prokka/L_plantarum/GCF_001540925.1,True,3354166,fcccb29c8e77fcdb68c68cfd55b1a07e712e7aacf9b85c769333b06e0f4fa897,True,203499,c1c40e3a679895dfa340aa8198b5de898338f20c613202c53ce34b2cd6ddd005,True,1083089,True,2978915,True,4094087,ca86713860854f18fd4abf4f7aab6c0535efaa41e897e1c93f30528bb8cc486e,9eb1c430adbf703e84b2370e066388b60b70d72b65d14e853d82a6246d4719a4
L. plantarum,GCF_001540965.1,False,/home/jovyan/bacterial_genome_article/paper1_results/background_work/prokka/L_plantarum/GCF_001540965.1,True,3295016,abf71e4c96b39345b7014426ebc0a7ff9d981cb8ea2f213f739fbe392673d88c,True,200965,f1d454fd407de450a675592f2f5800a7f879f4518c6bfe664c7db08511f262f5,True,1061895,True,2919169,True,4024547,ac5c2ee90aeefece1e944d0fc2e540afe4f04620148a38d79884f09f54c83cfa,9eb1c430adbf703e84b2370e066388b60b70d72b65d14e853d82a6246d4719a4
L. plantarum,GCF_001581895.1,False,/home/jovyan/bacterial_genome_article/paper1_results/background_work/prokka/L_plantarum/GCF_001581895.1,True,3001437,97b983488f2257112ee7a317c3b8133ffbcd9542c51c047a8df60b8e8a2d81ca,True,186294,a529a0b5d5574ea6e22ba5b276098d687c45f339f160f77129522d6c590acb1a,True,967414,True,2675439,True,3672142,e4786dc1c0567da29f0a676e2749ac7bd6296e02bf42f8b535af6e13283a94f9,9eb1c430adbf703e84b2370e066388b60b70d72b65d14e853d82a6246d4719a4
L. plantarum,GCF_001595615.1,False,/home/jovyan/bacterial_genome_article/paper1_results/background_work/prokka/L_plantarum/GCF_001595615.1,True,3352721,8c1506b2d4f1fdc9fd9bec736b2dfc1c5369917100ed915d481587eb1cf9d997,True,204383,36a42744cef58f51cc57633e0ea78b3ab63fa4c9f96e13510e9225f68cdd59d0,True,1065879,True,2923851,True,4096675,8e226cd7e23d02b1a6d1a2a4bdc09783a456252f1b78986c538d4ff82ea6f54b,9eb1c430adbf703e84b2370e066388b60b70d72b65d14e853d82a6246d4719a4
L. plantarum,GCF_001596095.1,False,/home/jovyan/bacterial_genome_article/paper1_results/background_work/prokka/L_plantarum/GCF_001596095.1,True,3317003,c5e1b6a56e7e086935386dd68637f45dc308eb09c06c18c787231226ee3af188,True,201589,552e938defe0451efdb16b018e3f8bf4f7fb9cdcdceccb4b9da65d3f5ed06ea5,True,1067856,True,2954806,True,4042659,4b0686fa5172210ef8217ad7ed183aa9033aefa414bfcdb3ebcbe4006626e341,9eb1c430adbf703e84b2370e066388b60b70d72b65d14e853d82a6246d4719a4
L. plantarum,GCF_001596195.1,False,/home/jovyan/bacterial_genome_article/paper1_results/background_work/prokka/L_plantarum/GCF_001596195.1,True,3665982,848d6fbab558d511b89b2c6549dfae1020be3521608bbecd5b4417e50d8dd467,True,223924,b47aab6c29642d52256ad090e39d1ea67391179b315c8f178d0a5b014aa2a402,True,1177355,True,3232063,True,4482685,14c9b7d6240e79c82e95e322f8b89aca5e12b21ef4d9fbdde976a6ac6b8f6246,9eb1c430adbf703e84b2370e066388b60b70d72b65d14e853d82a6246d4719a4
L. plantarum,GCF_001597605.1,False,/home/jovyan/bacterial_genome_article/paper1_results/background_work/prokka/L_plantarum/GCF_001597605.1,True,3677776,6fdcbffeaeb0b8c5a2c807b4ac5572da8a0d1d0eff4dfcaba18b0da94bd3c3cc,True,224469,17017cb5f9ccf0053b47c706797a2890e732c9bea2244082d2c5e9d1821a5eda,True,1180349,True,3240281,True,4496859,dc5227a7c8f79d335b7d1d145c4cd3bc6c4d6011d1d770ec9246f61fa4064216,9eb1c430adbf703e84b2370e066388b60b70d72b65d14e853d82a6246d4719a4
L. plantarum,GCF_001617525.2,False,/home/jovyan/bacterial_genome_article/paper1_results/background_work/prokka/L_plantarum/GCF_001617525.2,True,3329245,1b263fd8877e8ff8995de9c1d88d8c6525d855d572c4a2db7c9e3b5c98960d46,True,202662,2b7315a35d0a808f850d5c03488ca8e090f6240c2a69b9c2ef5cfde08f4cdbc2,True,1073181,True,2970855,True,4059243,2e660b7a8ff03c46afe95c2df12ae6a6fcfc09af3e4f574d13d90f7baec368ad,9eb1c430adbf703e84b2370e066388b60b70d72b65d14e853d82a6246d4719a4
L. plantarum,GCF_001619265.1,False,/home/jovyan/bacterial_genome_article/paper1_results/background_work/prokka/L_plantarum/GCF_001619265.1,True,3238140,84a22d6d90f8809a74ac65658a3a1d99e64d59d2da469ee74bfc267039ac1bf2,True,197481,e94d180afb64f847a24804f6076e47130223d59470cf24324dd061c85bbbdbfe,True,1051163,True,2886441,True,3953946,b8be3a76ce56c8dd2b4b32f303e98872855ba544cbcfe772b448a7d706376d67,9eb1c430adbf703e84b2370e066388b60b70d72b65d14e853d82a6246d4719a4
L. plantarum,GCF_009913655.1,False,/home/jovyan/bacterial_genome_article/paper1_results/background_work/prokka/L_plantarum/GCF_009913655.1,True,3277386,3046c26819a1d706556343a850f9c8445706fb3e901f93d2381706344a6cc5c1,True,197561,b404be6b14d5a9a47fc443977f03ce140b1361f097425ce2df715c78f45dc532,True,1056404,True,2926042,True,3987728,e4c701cd90dd0d49d793d9fb0e87d44a8f08b87815669fe17786903d3d502430,9eb1c430adbf703e84b2370e066388b60b70d72b65d14e853d82a6246d4719a4
L. plantarum,ZPZ,True,/home/jovyan/bacterial_genome_article/paper1_results/background_work/prokka/L_plantarum/ZPZ,True,3367431,970c5551f3ae9ab7fc20a237adf2267a772d43f69470ddef77a6f9fc86094381,True,210216,b60ac0ab5463752c642f75ef7af1f990ee77a4fbfc96794b6fd762a653cadc38,True,1081087,True,2961263,True,4120920,0c4b7e87ad53f212dbc8dc856945eaf4d2f54203e3ede1247a632d71ba6fa1ae,9eb1c430adbf703e84b2370e066388b60b70d72b65d14e853d82a6246d4719a4
L. rhamnosus,GCF_000743075.1,False,/home/jovyan/bacterial_genome_article/paper1_results/background_work/prokka/L_rhamnosus/GCF_000743075.1,True,2972597,d43d34713dd9b185ce8ca89a15fe4524c2a1eacf7b02fb671281462215e55138,True,182062,40ec9c92308f5d263406ae2aa991ac10a04a1482ea6140c8771327e71c8422ab,True,962669,True,2645327,True,3634538,60b0ebc58e825e1c86a0a9bde74bb1a2bd6d50ea887db61709747d1be2ce6e9d,9eb1c430adbf703e84b2370e066388b60b70d72b65d14e853d82a6246d4719a4
L. rhamnosus,GCF_000801045.1,False,/home/jovyan/bacterial_genome_article/paper1_results/background_work/prokka/L_rhamnosus/GCF_000801045.1,True,3017426,f9583ef89f43026df832cda2fa2193fd844fa2d92c9b3c3bdf8cc3ec51ecec9d,True,184096,9e170485c60a7486fca002196eec37b6843ebf4fa55a04d9cd99108ed65b0530,True,974426,True,2678653,True,3683979,826ab5889628917885085c9517825440b1744a98e3548933f939c3dcd09ded63,9eb1c430adbf703e84b2370e066388b60b70d72b65d14e853d82a6246d4719a4
L. rhamnosus,GCF_000814485.1,False,/home/jovyan/bacterial_genome_article/paper1_results/background_work/prokka/L_rhamnosus/GCF_000814485.1,True,3092235,db7ac5ce80d887857f9d257af3d86f4bd50461e48342777c2a972d0adeef1ad9,True,191120,155f9823fd93b85c7e17ee745f9eccda506489cb8314bb99e791eb1026f5e432,True,1008065,True,2768760,True,3784879,8c5b8665f5995749c6a569971d1817c4c17f53be20cf67b60ad57a627213de58,9eb1c430adbf703e84b2370e066388b60b70d72b65d14e853d82a6246d4719a4
L. rhamnosus,GCF_000932035.1,False,/home/jovyan/bacterial_genome_article/paper1_results/background_work/prokka/L_rhamnosus/GCF_000932035.1,True,2938850,97ab4935548617c38191c43b85867bb8bd52819535c399b7672ccd8880daee22,True,179658,21a160be4ff67cc82798746e37797239efe1941a2f9c6e688bb8c5d1056fe428,True,953657,True,2620938,True,3590205,2086cb6bfd8281543ac5223408a75c32dbf7564e859a193659414b73cfa6925c,9eb1c430adbf703e84b2370e066388b60b70d72b65d14e853d82a6246d4719a4
L. rhamnosus,GCF_001005625.1,False,/home/jovyan/bacterial_genome_article/paper1_results/background_work/prokka/L_rhamnosus/GCF_001005625.1,True,3017304,f57e60cc0dc28f36629ffc7490f055e90442bfea6c1171128013a146c10a7981,True,183775,bfd30ba767ecf44fdb4448bb24a30f4ddfceb9c081d228ef3decce8fae818f04,True,982926,True,2703144,True,3686724,eb03fa9eeb08309bff68103faa6769a2221dae71a90edcbd0b6f17704cdcb801,9eb1c430adbf703e84b2370e066388b60b70d72b65d14e853d82a6246d4719a4
L. rhamnosus,GCF_001044025.1,False,/home/jovyan/bacterial_genome_article/paper1_results/background_work/prokka/L_rhamnosus/GCF_001044025.1,True,2896394,407cb037910cd7270993486bd39af1f599be027bc0887812a64179048fe25390,True,178638,a6c6694d766c9613779c8a463bad3c9e4aab930a7d8cae520aac1f3176f8d8be,True,930566,True,2553180,True,3546697,862125282c67de86837d8383e2edd7084906008808f104faefad5a849e5db8c9,9eb1c430adbf703e84b2370e066388b60b70d72b65d14e853d82a6246d4719a4
L. rhamnosus,GCF_001044415.1,False,/home/jovyan/bacterial_genome_article/paper1_results/background_work/prokka/L_rhamnosus/GCF_001044415.1,True,2984959,3dc95f2339c8946e5a71254a38a34000c9e0aa6477757ba5e2cc4436cf55cbdc,True,182904,137ec1917cc8671644ccdc1e4cac2cdcb92106fa8c77fa43223e55adf741a23b,True,963437,True,2646987,True,3649798,f6bd8c73493381b6228b2dd133d4ba2a8e9b990ff4339a287b734f747387e2a5,9eb1c430adbf703e84b2370e066388b60b70d72b65d14e853d82a6246d4719a4
L. rhamnosus,GCF_001062885.1,False,/home/jovyan/bacterial_genome_article/paper1_results/background_work/prokka/L_rhamnosus/GCF_001062885.1,True,3097765,70672c9d4c28fad1ff629b8eade2d554e7d2db0b44b4599e23e7bd7ea3989835,True,186747,adfc34ec55b4ea239cb451651ff9b790085c098089b27f843d5c25cb7a78e701,True,994995,True,2735558,True,3775300,06010904d18831dacb156a2162908a00f40bfc95e453986251c892f71b34978d,9eb1c430adbf703e84b2370e066388b60b70d72b65d14e853d82a6246d4719a4
L. rhamnosus,GCF_001062955.1,False,/home/jovyan/bacterial_genome_article/paper1_results/background_work/prokka/L_rhamnosus/GCF_001062955.1,True,3016785,262163517406d4180bea626b65f843173650bd334489e29caa2ba543c0990fa6,True,180796,6bc63ca2fac1d7eb391183c5071e77fdffde820191e65cc6939a69baf1792ccb,True,965876,True,2659738,True,3678030,2ad9c0cd492042df81f93e59bab50efbd209a0bfcf1b2cf79be4fb4b02f1649c,9eb1c430adbf703e84b2370e066388b60b70d72b65d14e853d82a6246d4719a4
L. rhamnosus,GCF_001063655.1,False,/home/jovyan/bacterial_genome_article/paper1_results/background_work/prokka/L_rhamnosus/GCF_001063655.1,True,3214462,50c7235477e5cc616821b5d46d7d45c210b71783535e7101ec0616d5d00715f0,True,193849,66298facf98d6221c72932c047ff4ee10215df022529f5e77dab4e336a2cd90f,True,1033801,True,2848113,True,3917511,a5f507b7e029b1d79bdde52522ed1746b5654c779c4dba3ec7aa0a65771f0023,9eb1c430adbf703e84b2370e066388b60b70d72b65d14e853d82a6246d4719a4
L. rhamnosus,GCF_001064515.1,False,/home/jovyan/bacterial_genome_article/paper1_results/background_work/prokka/L_rhamnosus/GCF_001064515.1,True,2948392,a2919b296a45e3acb5e3fc833397f2b6dbaf451e90074cb13e8a8d7c3ca23331,True,179701,cd4b05585c43fcc00c5e8325ff4b15afd7a483a615f34507f9899930845ac22c,True,961331,True,2648423,True,3599436,e2a88e1fde19bac7aed77e4283a265420ee1ad5c349bcbdd2916c2f78de85e15,9eb1c430adbf703e84b2370e066388b60b70d72b65d14e853d82a6246d4719a4
L. rhamnosus,GCF_001064785.1,False,/home/jovyan/bacterial_genome_article/paper1_results/background_work/prokka/L_rhamnosus/GCF_001064785.1,True,3023864,e094bfb3591f49fb5bcfb5bd306fe4a05e7d5b292ff4cf366427914aa039a1fc,True,178918,4836f8b4bd167addfd8d7a6b38a621f768ca9f9888a1b63f0d7d6c6ae2378318,True,941237,True,2588006,True,3682513,467aa358e871c799791aac54552bb5552bed6da0bdd8b18debef95a1fbd75560,9eb1c430adbf703e84b2370e066388b60b70d72b65d14e853d82a6246d4719a4
L. rhamnosus,GCF_001065365.1,False,/home/jovyan/bacterial_genome_article/paper1_results/background_work/prokka/L_rhamnosus/GCF_001065365.1,True,3067890,18f9d7248b11de3031b04c1bbdbcbf52788fe37aadfab366849cac9cad5fe7a2,True,185496,683ea9956247667748f72e94698e01e2d4047a0f0479715859db1bd7319d8bc2,True,991208,True,2735230,True,3739328,13f4e2e7d0c65a20ea82c860ed1639a05df239e629ec8e8c073baac6af03254e,9eb1c430adbf703e84b2370e066388b60b70d72b65d14e853d82a6246d4719a4
L. rhamnosus,GCF_001066715.1,False,/home/jovyan/bacterial_genome_article/paper1_results/background_work/prokka/L_rhamnosus/GCF_001066715.1,True,3087491,6ab028bfba376210bef01d418f97fdb06c9156cd07a156fc03c51829e747f707,True,184461,69723e2c5d987fd397e6300690a2750cd94a3ed62112352d131bdb7de479d190,True,986482,True,2710332,True,3760373,a0ba83782c677663b6c191dac28ccdfb3a9cf5a2c955d62380c9e3ba64172a69,9eb1c430adbf703e84b2370e066388b60b70d72b65d14e853d82a6246d4719a4
L. rhamnosus,GCF_001066975.1,False,/home/jovyan/bacterial_genome_article/paper1_results/background_work/prokka/L_rhamnosus/GCF_001066975.1,True,3009237,cbb94473ccef494f3bfeac971cf0fe7505db4a9a3f72f379e81736b0abbee4f3,True,181828,28fc726f95b40d43b23c5a81344f4cfd0f5f2719f08f195f1dd89e4ce2d4d219,True,968418,True,2659340,True,3672158,b22022c1458a33dec6468996ae97ee1aeeb7fedc2e0b30ba4897829527c13616,9eb1c430adbf703e84b2370e066388b60b70d72b65d14e853d82a6246d4719a4
L. rhamnosus,GCF_001067025.1,False,/home/jovyan/bacterial_genome_article/paper1_results/background_work/prokka/L_rhamnosus/GCF_001067025.1,True,3013319,a474b242e6c57c2ca09b8ed3c783f857b4a1f3361c42a7a93015301cac207b8d,True,182246,86e668f5b58cda8a9cffa4c633f306d109ff4eeb8f8e97d993dd6ab809cd6a4f,True,972792,True,2672017,True,3676012,ba82742c79c0cf78b34aff97990436b3b13b32384b895486d2399d065a35f974,9eb1c430adbf703e84b2370e066388b60b70d72b65d14e853d82a6246d4719a4
L. rhamnosus,GCF_001067215.1,False,/home/jovyan/bacterial_genome_article/paper1_results/background_work/prokka/L_rhamnosus/GCF_001067215.1,True,3058123,84d70537e105e32365b546809164d1ba055d85f22c7a13308a6b061950d77bf6,True,184221,fb0cf6332a2148f9f0d216e4a01020722201e17ede0479dab02c06494f75fa15,True,987742,True,2715022,True,3727538,c3da65e41cabbdee57ebc2a35487c507b1ac786d5d7710ee8d396fe1b1a45454,9eb1c430adbf703e84b2370e066388b60b70d72b65d14e853d82a6246d4719a4
L. rhamnosus,GCF_001067335.1,False,/home/jovyan/bacterial_genome_article/paper1_results/background_work/prokka/L_rhamnosus/GCF_001067335.1,True,3030555,8e4be1d1a529dbc2b32c18d05f58264667a8e321b10fac1266862843893ac8aa,True,183314,a2f509bc87c3c38aca540214af4e3404bc909b932e8540d72be7fe51eb737b7a,True,977868,True,2686461,True,3696059,bb262936ffbfafb5717fa41ec24c9c9d617635fa15bf5226c41517e897379e37,9eb1c430adbf703e84b2370e066388b60b70d72b65d14e853d82a6246d4719a4
L. rhamnosus,GCF_001067625.1,False,/home/jovyan/bacterial_genome_article/paper1_results/background_work/prokka/L_rhamnosus/GCF_001067625.1,True,3013696,20dedb4086adc28b43d81c293bb5d8170c10a3aacf9c02aaab62fe13ebf70aba,True,181728,b7d13cb70240fe2d04bdf6efeef088da944378b1ea00932f59ac5309e50d4395,True,967736,True,2658150,True,3675169,3de0845a7e32b303447358d265413f8df544ef7e581cc48017b0b4f4a7c65498,9eb1c430adbf703e84b2370e066388b60b70d72b65d14e853d82a6246d4719a4
L. rhamnosus,GCF_001067885.1,False,/home/jovyan/bacterial_genome_article/paper1_results/background_work/prokka/L_rhamnosus/GCF_001067885.1,True,3019546,cfbb1a7f285a1c6fee9062039754518b15ca7641082490eb2868df1b238cec80,True,181229,2dec81b3256d415c48823e43d897ace1613ad3b5d563f8d60b170f6418e0ef06,True,969878,True,2665487,True,3678535,29ce86a2d18781f4332a59c23bfdec5dcc8eaf2a909df761db76d25c86a169da,9eb1c430adbf703e84b2370e066388b60b70d72b65d14e853d82a6246d4719a4
L. rhamnosus,GCF_001068015.1,False,/home/jovyan/bacterial_genome_article/paper1_results/background_work/prokka/L_rhamnosus/GCF_001068015.1,True,3071352,03a4b7d25a2d328d1933f8f9bd08c010e219a0c812a56e454cb3b97c80400d08,True,185121,1b5d5ddf989edb7759a9901a8ae204c40f9b7a017e42cc5c493ff10304ef1766,True,977485,True,2682063,True,3750603,0b3c01e4e8269d61f6a8fdb4af29b8af744c772247a8af0d8880dcd4a4bfcfbf,9eb1c430adbf703e84b2370e066388b60b70d72b65d14e853d82a6246d4719a4
L. rhamnosus,GCF_001068045.1,False,/home/jovyan/bacterial_genome_article/paper1_results/background_work/prokka/L_rhamnosus/GCF_001068045.1,True,3100368,c225635b235767463c7340cc46052abd5acaa95a945f1fc5c7bebd77cf08ee3c,True,186845,ba8755af4bba14dbd2f827c7c769661d245a8719bc975aca308a1045fa8e8d07,True,1001681,True,2754278,True,3779308,dce06c0eeaac2550e519df98abf0b84f7dedf3a16acaebe1a13651043cc5c659,9eb1c430adbf703e84b2370e066388b60b70d72b65d14e853d82a6246d4719a4
L. rhamnosus,GCF_001068195.1,False,/home/jovyan/bacterial_genome_article/paper1_results/background_work/prokka/L_rhamnosus/GCF_001068195.1,True,3103542,765de689ee1553833cf9d7c17d8399e33a07b9a4f4b179a5cb95fea9840d3731,True,186492,e9d3374c4df98ad7886024a97cc71769400254ee927a4bc8a4ee917902a9df34,True,997161,True,2739409,True,3782719,386b25a76eae9724203e1922124a8dc820620ec442805249e7f496fc07f4e2f3,9eb1c430adbf703e84b2370e066388b60b70d72b65d14e853d82a6246d4719a4
L. rhamnosus,GCF_001068215.1,False,/home/jovyan/bacterial_genome_article/paper1_results/background_work/prokka/L_rhamnosus/GCF_001068215.1,True,2872159,a1b75a8fcd5338f50f79fa584e3a0331c0025d4cd297a8970865a931ccfb2aa2,True,172240,e6cd6b3c635cf46cca8901e49ab65d5132f34f14bab711dbac77acc0a87c3d20,True,923208,True,2538074,True,3498467,e39149c9ee258d0b89dc5d0d32b085651c81352f25f8b3e86e569c228c7e2940,9eb1c430adbf703e84b2370e066388b60b70d72b65d14e853d82a6246d4719a4
L. rhamnosus,GCF_001368735.1,False,/home/jovyan/bacterial_genome_article/paper1_results/background_work/prokka/L_rhamnosus/GCF_001368735.1,True,3069865,652fb6d6f94d0d544aedd7ed0c019d8c69151472e10befe67b4277895f27c5fc,True,185410,2f6e43a5c7f6b7b616429d6301260dea610f71fa77b39487a75bd99d38328635,True,993820,True,2733960,True,3753289,21889794027fbbcf1449e4897714007272c1f96ee2fe8f5bd57abf254bcda701,9eb1c430adbf703e84b2370e066388b60b70d72b65d14e853d82a6246d4719a4
L. rhamnosus,GCF_001590655.1,False,/home/jovyan/bacterial_genome_article/paper1_results/background_work/prokka/L_rhamnosus/GCF_001590655.1,True,2952304,1ca8ee680b99bf6cceb8dc8939be43b51a2a0373a68c2e2bf6928d6605d702d2,True,179013,7e50a79f1c30fe2092fd101ed5823054443946b1e06003ca73f9163ff7408723,True,966553,True,2664043,True,3595355,108ba350d0ea7274f37baa89b40e5861523065cc6f4d571bcbbb04b26a82079f,9eb1c430adbf703e84b2370e066388b60b70d72b65d14e853d82a6246d4719a4
L. rhamnosus,GCF_001645615.1,False,/home/jovyan/bacterial_genome_article/paper1_results/background_work/prokka/L_rhamnosus/GCF_001645615.1,True,3105303,8f72c79dacf926aeb93586c47888d55582ea92c6ea901c1dc0d1b8c9e78885d8,True,191261,54032cf16739b08a687e813904c26e5954f0029c06c9d20bdbb9a7e50b4a93a9,True,1009125,True,2772002,True,3798563,e2c2f8331fd0c7f8fd7f76afd893f24fc92fac3dadbeb0cb1a6dfee6754f208a,9eb1c430adbf703e84b2370e066388b60b70d72b65d14e853d82a6246d4719a4
L. rhamnosus,GCF_001656535.1,False,/home/jovyan/bacterial_genome_article/paper1_results/background_work/prokka/L_rhamnosus/GCF_001656535.1,True,2915413,ad8d36947348b81637d1ae15078268abd1cf2051288fde431073e682ee1ce1a3,True,177871,c6393ebc609814e6abc0e60c924859c44afb33e194f673db1f7372d4e6e3be66,True,941922,True,2587805,True,3561227,7fb108a69a3d9c589d4c461fb728d5ca80edb59d78bc99aca4bc55daa18559ad,9eb1c430adbf703e84b2370e066388b60b70d72b65d14e853d82a6246d4719a4
L. rhamnosus,GCF_001656545.1,False,/home/jovyan/bacterial_genome_article/paper1_results/background_work/prokka/L_rhamnosus/GCF_001656545.1,True,2984633,766f52177ce5800f83dcec3583fae2defc631dd11962d24f56742332552404bd,True,182377,f8ea0bda7570c4e4c497ba35724acad4ba2318106c3c9524dde4445bd25d887e,True,958691,True,2633400,True,3646828,679d661290451decdf8a7212199c6a95d7e3ae09715ea8f410ff6cc2d5894382,9eb1c430adbf703e84b2370e066388b60b70d72b65d14e853d82a6246d4719a4
L. rhamnosus,GCF_900636965.1,False,/home/jovyan/bacterial_genome_article/paper1_results/background_work/prokka/L_rhamnosus/GCF_900636965.1,True,3038209,414d3c38da02533382331333e64dcff1640c71e83b2584941671d83d813094f8,True,183580,fa43248004523697aca1aed13445e76c1782f351b108009cce7421bfbbe96bf3,True,990879,True,2748621,True,3697811,50d7afc360d0ca4eb46c449451e6234ac2da2f7ba5957c7698145b05ce559599,9eb1c430adbf703e84b2370e066388b60b70d72b65d14e853d82a6246d4719a4
L. rhamnosus,Vahe,True,/home/jovyan/bacterial_genome_article/paper1_results/background_work/prokka/L_rhamnosus/Vahe,True,2882364,c98dca4bdd5c71a58d6a3067192aae3b5e66a9ba0e436ee3ae38bde032a27562,True,178883,74f6c506766d39b2298886fb0e5a6888042531d159565f3fca77bc89cfc5366e,True,944023,True,2593794,True,3521735,c56e937bf99e2ea6b0acd2d6d0a9b7c68e83cb18f698b33ca20e94e7f9a3f44d,9eb1c430adbf703e84b2370e066388b60b70d72b65d14e853d82a6246d4719a4
