species,accession,is_focal,rex_call,rex_locus,rex_identity,rex_coverage,rex_evidence,fur_call,fur_best_class,fur_locus,fur_identity,fur_coverage,fur_margin,fur_evidence,spx_call,spx_best_class,spx_locus,spx_identity,spx_coverage,spx_margin,spx_evidence,ohrr_call,ohrr_locus,ohrr_identity,ohrr_coverage,ohrr_neighbourhood,ohrr_evidence
L. rhamnosus,GCF_000743075.1,False,1.0,P1AB6110E8_00754,60.68,95.81395348837208,resolved_positive_competitive_blastp,0.0,PerR,P1AB6110E8_02645,56.296,93.10344827586206,2.0191167574107682,resolved_as_PerR,1.0,Spx,P1AB6110E8_01202,68.702,100.0,1.6768222657569407,resolved_positive_competitive_blastp,1.0,P1AB6110E8_00540,39.706,92.51700680272108,cggR:Central glycolytic genes regulator | :tRNA-Arg(ccg) | clpP:ATP-dependent Clp protease proteolytic subunit | ohrR:Organic hydroperoxide resistance transcriptional regulator | whiA:putative cell division protein WhiA | :Putative gluconeogenesis factor | yvcJ:Nucleotide-binding protein YvcJ,resolved_OhrR_sequence_and_context
L. rhamnosus,GCF_000801045.1,False,1.0,P159FD3029_00825,60.68,95.81395348837208,resolved_positive_competitive_blastp,0.0,PerR,P159FD3029_02702,55.556,93.10344827586206,2.0165322744033394,resolved_as_PerR,1.0,Spx,P159FD3029_01845,68.702,100.0,1.6768222657569407,resolved_positive_competitive_blastp,1.0,P159FD3029_00141,39.706,92.51700680272108,cggR:Central glycolytic genes regulator | :tRNA-Arg(ccg) | clpP:ATP-dependent Clp protease proteolytic subunit | ohrR:Organic hydroperoxide resistance transcriptional regulator | whiA:putative cell division protein WhiA | :Putative gluconeogenesis factor | yvcJ:Nucleotide-binding protein YvcJ,resolved_OhrR_sequence_and_context
L. rhamnosus,GCF_000814485.1,False,1.0,P16F326D0F_00852,60.68,95.81395348837208,resolved_positive_competitive_blastp,0.0,PerR,P16F326D0F_02891,55.556,93.10344827586206,2.0165322744033394,resolved_as_PerR,1.0,Spx,P16F326D0F_00191,68.702,100.0,1.6768222657569407,resolved_positive_competitive_blastp,1.0,P16F326D0F_00511,39.706,92.51700680272108,yvcJ:Nucleotide-binding protein YvcJ | :Putative gluconeogenesis factor | whiA:putative cell division protein WhiA | ohrR:Organic hydroperoxide resistance transcriptional regulator | clpP_1:ATP-dependent Clp protease proteolytic subunit | :tRNA-Arg(ccg) | cggR:Central glycolytic genes regulator,resolved_OhrR_sequence_and_context
L. rhamnosus,GCF_000932035.1,False,1.0,P10D559847_02220,60.68,95.81395348837208,resolved_positive_competitive_blastp,0.0,PerR,P10D559847_02669,55.556,93.10344827586206,2.0070982052833233,resolved_as_PerR,1.0,Spx,P10D559847_00394,68.702,100.0,1.6768222657569407,resolved_positive_competitive_blastp,1.0,P10D559847_00702,39.706,92.51700680272108,cggR:Central glycolytic genes regulator | :tRNA-Arg(ccg) | clpP:ATP-dependent Clp protease proteolytic subunit | ohrR:Organic hydroperoxide resistance transcriptional regulator | whiA:putative cell division protein WhiA | :Putative gluconeogenesis factor | yvcJ:Nucleotide-binding protein YvcJ,resolved_OhrR_sequence_and_context
L. rhamnosus,GCF_001005625.1,False,1.0,P1E1445BCF_00180,60.68,95.81395348837208,resolved_positive_competitive_blastp,0.0,PerR,P1E1445BCF_01903,55.556,93.10344827586206,2.0165322744033394,resolved_as_PerR,1.0,Spx,P1E1445BCF_00930,67.939,100.0,1.7050659264399721,resolved_positive_competitive_blastp,1.0,P1E1445BCF_02100,39.706,92.51700680272108,yvcJ:Nucleotide-binding protein YvcJ | :Putative gluconeogenesis factor | whiA:putative cell division protein WhiA | ohrR:Organic hydroperoxide resistance transcriptional regulator | clpP:ATP-dependent Clp protease proteolytic subunit | :tRNA-Arg(ccg) | cggR:Central glycolytic genes regulator,resolved_OhrR_sequence_and_context
L. rhamnosus,GCF_001044025.1,False,1.0,P1282E20EA_00045,60.68,95.81395348837208,resolved_positive_competitive_blastp,0.0,PerR,P1282E20EA_01782,55.556,93.10344827586206,2.0165322744033394,resolved_as_PerR,1.0,Spx,P1282E20EA_00673,68.702,100.0,1.6768222657569407,resolved_positive_competitive_blastp,1.0,P1282E20EA_01675,39.706,92.51700680272108,yvcJ:Nucleotide-binding protein YvcJ | :Putative gluconeogenesis factor | whiA:putative cell division protein WhiA | ohrR:Organic hydroperoxide resistance transcriptional regulator | clpP:ATP-dependent Clp protease proteolytic subunit | :tRNA-Arg(ccg) | cggR:Central glycolytic genes regulator,resolved_OhrR_sequence_and_context
L. rhamnosus,GCF_001044415.1,False,1.0,P17861965B_00313,60.68,95.81395348837208,resolved_positive_competitive_blastp,0.0,PerR,P17861965B_02678,55.556,93.10344827586206,2.0165322744033394,resolved_as_PerR,1.0,Spx,P17861965B_01947,69.291,96.9465648854962,1.657442748091603,resolved_positive_competitive_blastp,1.0,P17861965B_01302,39.706,92.51700680272108,cggR:Central glycolytic genes regulator | :tRNA-Arg(ccg) | clpP:ATP-dependent Clp protease proteolytic subunit | ohrR:Organic hydroperoxide resistance transcriptional regulator | whiA:putative cell division protein WhiA | :Putative gluconeogenesis factor | yvcJ:Nucleotide-binding protein YvcJ,resolved_OhrR_sequence_and_context
L. rhamnosus,GCF_001062885.1,False,1.0,P179610789_00118,60.68,95.81395348837208,resolved_positive_competitive_blastp,0.0,PerR,P179610789_00804,55.556,93.10344827586206,2.0165322744033394,resolved_as_PerR,1.0,Spx,P179610789_01675,68.702,100.0,1.6768222657569407,resolved_positive_competitive_blastp,1.0,P179610789_00897,39.706,92.51700680272108,cggR:Central glycolytic genes regulator | :tRNA-Arg(ccg) | clpP:ATP-dependent Clp protease proteolytic subunit | ohrR:Organic hydroperoxide resistance transcriptional regulator | whiA:putative cell division protein WhiA | :Putative gluconeogenesis factor | yvcJ:Nucleotide-binding protein YvcJ,resolved_OhrR_sequence_and_context
L. rhamnosus,GCF_001062955.1,False,1.0,P194D76FC1_01568,60.68,95.81395348837208,resolved_positive_competitive_blastp,0.0,PerR,P194D76FC1_02720,55.556,93.10344827586206,2.0165322744033394,resolved_as_PerR,1.0,Spx,P194D76FC1_00382,68.702,100.0,1.6768222657569407,resolved_positive_competitive_blastp,1.0,P194D76FC1_01089,39.706,92.51700680272108,cggR:Central glycolytic genes regulator | :tRNA-Arg(ccg) | clpP:ATP-dependent Clp protease proteolytic subunit | ohrR:Organic hydroperoxide resistance transcriptional regulator | whiA:putative cell division protein WhiA | :Putative gluconeogenesis factor | yvcJ:Nucleotide-binding protein YvcJ,resolved_OhrR_sequence_and_context
L. rhamnosus,GCF_001063655.1,False,1.0,P10A93D905_01901,60.68,95.81395348837208,resolved_positive_competitive_blastp,0.0,PerR,P10A93D905_00014,54.815,93.10344827586206,2.030706075533662,resolved_as_PerR,1.0,Spx,P10A93D905_01992,68.702,100.0,1.6768222657569407,resolved_positive_competitive_blastp,1.0,P10A93D905_02796,39.706,92.51700680272108,cggR:Central glycolytic genes regulator | :tRNA-Arg(ccg) | clpP:ATP-dependent Clp protease proteolytic subunit | ohrR:Organic hydroperoxide resistance transcriptional regulator | whiA:putative cell division protein WhiA | :Putative gluconeogenesis factor | yvcJ:Nucleotide-binding protein YvcJ,resolved_OhrR_sequence_and_context
L. rhamnosus,GCF_001064515.1,False,1.0,P1DA4CE057_00007,60.68,95.81395348837208,resolved_positive_competitive_blastp,0.0,PerR,P1DA4CE057_02074,55.556,93.10344827586206,2.0165322744033394,resolved_as_PerR,1.0,Spx,P1DA4CE057_01521,68.702,100.0,1.6768222657569407,resolved_positive_competitive_blastp,1.0,P1DA4CE057_01827,39.706,92.51700680272108,yvcJ:Nucleotide-binding protein YvcJ | :Putative gluconeogenesis factor | whiA:putative cell division protein WhiA | ohrR:Organic hydroperoxide resistance transcriptional regulator | clpP:ATP-dependent Clp protease proteolytic subunit | :IS3 family transposase IS1223 | :IS3 family transposase IS1223,resolved_OhrR_sequence_and_context
L. rhamnosus,GCF_001064785.1,False,1.0,P1DBA768DD_01059,60.68,95.81395348837208,resolved_positive_competitive_blastp,0.0,PerR,P1DBA768DD_01793,55.556,93.10344827586206,2.0165322744033394,resolved_as_PerR,1.0,Spx,P1DBA768DD_00260,68.702,100.0,1.6768222657569407,resolved_positive_competitive_blastp,1.0,P1DBA768DD_01569,39.706,92.51700680272108,yvcJ:Nucleotide-binding protein YvcJ | :Putative gluconeogenesis factor | whiA:putative cell division protein WhiA | ohrR:Organic hydroperoxide resistance transcriptional regulator | clpP:ATP-dependent Clp protease proteolytic subunit | :tRNA-Arg(ccg) | cggR:Central glycolytic genes regulator,resolved_OhrR_sequence_and_context
L. rhamnosus,GCF_001065365.1,False,1.0,P1A53E6462_01313,60.68,95.81395348837208,resolved_positive_competitive_blastp,0.0,PerR,P1A53E6462_01967,54.815,93.10344827586206,2.030706075533662,resolved_as_PerR,1.0,Spx,P1A53E6462_02610,68.702,100.0,1.6768222657569407,resolved_positive_competitive_blastp,1.0,P1A53E6462_01036,39.706,92.51700680272108,yvcJ:Nucleotide-binding protein YvcJ | :Putative gluconeogenesis factor | whiA:putative cell division protein WhiA | ohrR:Organic hydroperoxide resistance transcriptional regulator | clpP:ATP-dependent Clp protease proteolytic subunit | :tRNA-Arg(ccg) | cggR:Central glycolytic genes regulator,resolved_OhrR_sequence_and_context
L. rhamnosus,GCF_001066715.1,False,1.0,P1533AFABF_01557,60.68,95.81395348837208,resolved_positive_competitive_blastp,0.0,PerR,P1533AFABF_00599,54.815,93.10344827586206,2.030706075533662,resolved_as_PerR,1.0,Spx,P1533AFABF_01122,68.702,100.0,1.6768222657569407,resolved_positive_competitive_blastp,1.0,P1533AFABF_01272,39.706,92.51700680272108,yvcJ:Nucleotide-binding protein YvcJ | :Putative gluconeogenesis factor | whiA:putative cell division protein WhiA | ohrR:Organic hydroperoxide resistance transcriptional regulator | clpP:ATP-dependent Clp protease proteolytic subunit | :tRNA-Arg(ccg) | cggR:Central glycolytic genes regulator,resolved_OhrR_sequence_and_context
L. rhamnosus,GCF_001066975.1,False,1.0,P1D59ECC33_00546,60.68,95.81395348837208,resolved_positive_competitive_blastp,0.0,PerR,P1D59ECC33_01660,55.556,93.10344827586206,2.0165322744033394,resolved_as_PerR,1.0,Spx,P1D59ECC33_02502,68.702,100.0,1.6768222657569407,resolved_positive_competitive_blastp,1.0,P1D59ECC33_01547,39.706,92.51700680272108,cggR:Central glycolytic genes regulator | :tRNA-Arg(ccg) | clpP:ATP-dependent Clp protease proteolytic subunit | ohrR:Organic hydroperoxide resistance transcriptional regulator | whiA:putative cell division protein WhiA | :Putative gluconeogenesis factor | yvcJ:Nucleotide-binding protein YvcJ,resolved_OhrR_sequence_and_context
L. rhamnosus,GCF_001067025.1,False,1.0,P15A3E6823_01024,60.68,95.81395348837208,resolved_positive_competitive_blastp,0.0,PerR,P15A3E6823_02297,55.556,93.10344827586206,2.0165322744033394,resolved_as_PerR,1.0,Spx,P15A3E6823_01593,68.702,100.0,1.6768222657569407,resolved_positive_competitive_blastp,1.0,P15A3E6823_00582,39.706,92.51700680272108,yvcJ:Nucleotide-binding protein YvcJ | :Putative gluconeogenesis factor | whiA:putative cell division protein WhiA | ohrR:Organic hydroperoxide resistance transcriptional regulator | clpP:ATP-dependent Clp protease proteolytic subunit | :tRNA-Arg(ccg) | cggR:Central glycolytic genes regulator,resolved_OhrR_sequence_and_context
L. rhamnosus,GCF_001067215.1,False,1.0,P1601BE6BB_02771,60.68,95.81395348837208,resolved_positive_competitive_blastp,0.0,PerR,P1601BE6BB_00879,54.815,93.10344827586206,2.030706075533662,resolved_as_PerR,1.0,Spx,P1601BE6BB_01425,68.702,100.0,1.6768222657569407,resolved_positive_competitive_blastp,1.0,P1601BE6BB_02203,39.706,92.51700680272108,yvcJ:Nucleotide-binding protein YvcJ | :Putative gluconeogenesis factor | whiA:putative cell division protein WhiA | ohrR:Organic hydroperoxide resistance transcriptional regulator | clpP:ATP-dependent Clp protease proteolytic subunit | :tRNA-Arg(ccg) | cggR:Central glycolytic genes regulator,resolved_OhrR_sequence_and_context
L. rhamnosus,GCF_001067335.1,False,1.0,P1BE2BE006_01227,60.68,95.81395348837208,resolved_positive_competitive_blastp,0.0,PerR,P1BE2BE006_01689,55.556,93.10344827586206,2.0165322744033394,resolved_as_PerR,1.0,Spx,P1BE2BE006_00198,68.702,100.0,1.6768222657569407,resolved_positive_competitive_blastp,1.0,P1BE2BE006_01757,39.706,92.51700680272108,yvcJ:Nucleotide-binding protein YvcJ | :Putative gluconeogenesis factor | whiA:putative cell division protein WhiA | ohrR:Organic hydroperoxide resistance transcriptional regulator | clpP:ATP-dependent Clp protease proteolytic subunit | valS:Valine--tRNA ligase | fpgS:Folylpolyglutamate synthase,resolved_OhrR_sequence_and_context
L. rhamnosus,GCF_001067625.1,False,1.0,P147A27C4F_01780,60.68,95.81395348837208,resolved_positive_competitive_blastp,0.0,PerR,P147A27C4F_00346,55.556,93.10344827586206,2.0165322744033394,resolved_as_PerR,1.0,Spx,P147A27C4F_00466,68.702,100.0,1.6768222657569407,resolved_positive_competitive_blastp,1.0,P147A27C4F_02470,39.706,92.51700680272108,yvcJ:Nucleotide-binding protein YvcJ | :Putative gluconeogenesis factor | whiA:putative cell division protein WhiA | ohrR:Organic hydroperoxide resistance transcriptional regulator | clpP:ATP-dependent Clp protease proteolytic subunit | :hypothetical protein | :hypothetical protein,resolved_OhrR_sequence_and_context
L. rhamnosus,GCF_001067885.1,False,1.0,P151F474FB_02417,60.68,95.81395348837208,resolved_positive_competitive_blastp,0.0,PerR,P151F474FB_00320,55.556,93.10344827586206,2.0165322744033394,resolved_as_PerR,1.0,Spx,P151F474FB_00512,68.702,100.0,1.6768222657569407,resolved_positive_competitive_blastp,1.0,P151F474FB_00810,39.706,92.51700680272108,cggR:Central glycolytic genes regulator | :tRNA-Arg(ccg) | clpP:ATP-dependent Clp protease proteolytic subunit | ohrR:Organic hydroperoxide resistance transcriptional regulator | whiA:putative cell division protein WhiA | :Putative gluconeogenesis factor | yvcJ:Nucleotide-binding protein YvcJ,resolved_OhrR_sequence_and_context
L. rhamnosus,GCF_001068015.1,False,1.0,P1B19F2376_02189,60.68,95.81395348837208,resolved_positive_competitive_blastp,0.0,PerR,P1B19F2376_01586,55.556,93.10344827586206,2.0165322744033394,resolved_as_PerR,1.0,Spx,P1B19F2376_01298,68.702,100.0,1.6768222657569407,resolved_positive_competitive_blastp,1.0,P1B19F2376_00417,39.706,92.51700680272108,cggR:Central glycolytic genes regulator | :tRNA-Arg(ccg) | clpP:ATP-dependent Clp protease proteolytic subunit | ohrR:Organic hydroperoxide resistance transcriptional regulator | whiA:putative cell division protein WhiA | :Putative gluconeogenesis factor | yvcJ:Nucleotide-binding protein YvcJ,resolved_OhrR_sequence_and_context
L. rhamnosus,GCF_001068045.1,False,1.0,P111B83C9A_02259,60.68,95.81395348837208,resolved_positive_competitive_blastp,0.0,PerR,P111B83C9A_01138,54.815,93.10344827586206,2.030706075533662,resolved_as_PerR,1.0,Spx,P111B83C9A_02301,68.702,100.0,1.6768222657569407,resolved_positive_competitive_blastp,1.0,P111B83C9A_01384,39.706,92.51700680272108,cggR:Central glycolytic genes regulator | :tRNA-Arg(ccg) | clpP:ATP-dependent Clp protease proteolytic subunit | ohrR:Organic hydroperoxide resistance transcriptional regulator | whiA:putative cell division protein WhiA | :Putative gluconeogenesis factor | yvcJ:Nucleotide-binding protein YvcJ,resolved_OhrR_sequence_and_context
L. rhamnosus,GCF_001068195.1,False,1.0,P1D77051E1_00185,60.68,95.81395348837208,resolved_positive_competitive_blastp,0.0,PerR,P1D77051E1_01323,54.815,93.10344827586206,2.030706075533662,resolved_as_PerR,1.0,Spx,P1D77051E1_01980,68.702,100.0,1.6768222657569407,resolved_positive_competitive_blastp,1.0,P1D77051E1_02204,39.706,92.51700680272108,cggR:Central glycolytic genes regulator | :tRNA-Arg(ccg) | clpP:ATP-dependent Clp protease proteolytic subunit | ohrR:Organic hydroperoxide resistance transcriptional regulator | whiA:putative cell division protein WhiA | :Putative gluconeogenesis factor | yvcJ:Nucleotide-binding protein YvcJ,resolved_OhrR_sequence_and_context
L. rhamnosus,GCF_001068215.1,False,1.0,P19F238945_00491,60.68,95.81395348837208,resolved_positive_competitive_blastp,0.0,PerR,P19F238945_00094,55.556,93.10344827586206,2.0165322744033394,resolved_as_PerR,1.0,Spx,P19F238945_02500,68.702,100.0,1.6768222657569407,resolved_positive_competitive_blastp,1.0,P19F238945_00747,39.706,92.51700680272108,:hypothetical protein | :tRNA-Arg(ccg) | clpP:ATP-dependent Clp protease proteolytic subunit | ohrR:Organic hydroperoxide resistance transcriptional regulator | whiA:putative cell division protein WhiA | :Putative gluconeogenesis factor | yvcJ:Nucleotide-binding protein YvcJ,resolved_OhrR_sequence_and_context
L. rhamnosus,GCF_001368735.1,False,1.0,P154B398B8_01445,60.68,95.81395348837208,resolved_positive_competitive_blastp,0.0,PerR,P154B398B8_00001,55.556,93.10344827586206,2.0165322744033394,resolved_as_PerR,1.0,Spx,P154B398B8_01875,68.702,100.0,1.6768222657569407,resolved_positive_competitive_blastp,1.0,P154B398B8_02701,39.706,92.51700680272108,cggR:Central glycolytic genes regulator | :tRNA-Arg(ccg) | clpP:ATP-dependent Clp protease proteolytic subunit | ohrR:Organic hydroperoxide resistance transcriptional regulator | whiA:putative cell division protein WhiA | :Putative gluconeogenesis factor | yvcJ:Nucleotide-binding protein YvcJ,resolved_OhrR_sequence_and_context
L. rhamnosus,GCF_001590655.1,False,1.0,P13219A3CF_01907,60.68,95.81395348837208,resolved_positive_competitive_blastp,0.0,PerR,P13219A3CF_00609,55.556,93.10344827586206,2.0165322744033394,resolved_as_PerR,1.0,Spx,P13219A3CF_01469,68.702,100.0,1.6768222657569407,resolved_positive_competitive_blastp,,P13219A3CF_00700,46.575,49.65986394557823,yvcJ:Nucleotide-binding protein YvcJ | :Putative gluconeogenesis factor | whiA:putative cell division protein WhiA | ohrR:Organic hydroperoxide resistance transcriptional regulator | :hypothetical protein | clpP:ATP-dependent Clp protease proteolytic subunit | :tRNA-Arg(ccg),unresolved_OhrR_without_context
L. rhamnosus,GCF_001645615.1,False,1.0,P1FA483F68_02386,60.68,95.81395348837208,resolved_positive_competitive_blastp,0.0,PerR,P1FA483F68_02815,55.556,93.10344827586206,2.0165322744033394,resolved_as_PerR,1.0,Spx,P1FA483F68_01128,68.702,100.0,1.6768222657569407,resolved_positive_competitive_blastp,1.0,P1FA483F68_00296,39.706,92.51700680272108,cggR:Central glycolytic genes regulator | :tRNA-Arg(ccg) | clpP_1:ATP-dependent Clp protease proteolytic subunit | ohrR:Organic hydroperoxide resistance transcriptional regulator | whiA:putative cell division protein WhiA | :Putative gluconeogenesis factor | yvcJ:Nucleotide-binding protein YvcJ,resolved_OhrR_sequence_and_context
L. rhamnosus,GCF_001656535.1,False,1.0,P140B7C728_00905,60.68,95.81395348837208,resolved_positive_competitive_blastp,0.0,PerR,P140B7C728_02539,55.556,93.10344827586206,2.0165322744033394,resolved_as_PerR,1.0,Spx,P140B7C728_01701,69.291,96.9465648854962,1.657442748091603,resolved_positive_competitive_blastp,1.0,P140B7C728_00776,39.706,92.51700680272108,cggR:Central glycolytic genes regulator | :tRNA-Arg(ccg) | clpP:ATP-dependent Clp protease proteolytic subunit | ohrR:Organic hydroperoxide resistance transcriptional regulator | whiA:putative cell division protein WhiA | :Putative gluconeogenesis factor | yvcJ:Nucleotide-binding protein YvcJ,resolved_OhrR_sequence_and_context
L. rhamnosus,GCF_001656545.1,False,1.0,P161202A4A_00601,60.68,95.81395348837208,resolved_positive_competitive_blastp,0.0,PerR,P161202A4A_02590,55.556,93.10344827586206,2.0165322744033394,resolved_as_PerR,1.0,Spx,P161202A4A_01648,69.291,96.9465648854962,1.657442748091603,resolved_positive_competitive_blastp,1.0,P161202A4A_00688,39.706,92.51700680272108,cggR:Central glycolytic genes regulator | :tRNA-Arg(ccg) | clpP:ATP-dependent Clp protease proteolytic subunit | ohrR:Organic hydroperoxide resistance transcriptional regulator | whiA:putative cell division protein WhiA | :Putative gluconeogenesis factor | yvcJ:Nucleotide-binding protein YvcJ,resolved_OhrR_sequence_and_context
L. rhamnosus,GCF_900636965.1,False,1.0,P1439660B3_02174,60.68,95.81395348837208,resolved_positive_competitive_blastp,0.0,PerR,P1439660B3_00811,55.556,93.10344827586206,2.0165322744033394,resolved_as_PerR,1.0,Spx,P1439660B3_01732,68.702,100.0,1.6768222657569407,resolved_positive_competitive_blastp,,P1439660B3_00959,46.575,49.65986394557823,yvcJ:Nucleotide-binding protein YvcJ | :Putative gluconeogenesis factor | whiA:putative cell division protein WhiA | ohrR:Organic hydroperoxide resistance transcriptional regulator | :hypothetical protein | clpP:ATP-dependent Clp protease proteolytic subunit | :tRNA-Arg(ccg),unresolved_OhrR_without_context
L. rhamnosus,Vahe,True,1.0,P128F6B855_02193,60.68,95.81395348837208,resolved_positive_competitive_blastp,0.0,PerR,P128F6B855_02676,55.556,93.10344827586206,2.0165322744033394,resolved_as_PerR,1.0,Spx,P128F6B855_00864,64.602,86.25954198473282,1.729136289561712,resolved_positive_competitive_blastp,1.0,P128F6B855_00226,39.706,92.51700680272108,yvcJ:Nucleotide-binding protein YvcJ | :Putative gluconeogenesis factor | whiA:putative cell division protein WhiA | ohrR:Organic hydroperoxide resistance transcriptional regulator | clpP:ATP-dependent Clp protease proteolytic subunit | :tRNA-Arg(ccg) | cggR:Central glycolytic genes regulator,resolved_OhrR_sequence_and_context
L. delbrueckii,GCF_000056065.1,False,1.0,P1C9D0E2BB_01473,59.204,93.48837209302326,resolved_positive_competitive_blastp,0.0,,,,,,not_detected,1.0,Spx,P1C9D0E2BB_00525,61.069,100.0,1.4676230586996577,resolved_positive_competitive_blastp,0.0,,,,,not_detected
L. delbrueckii,GCF_002847905.1,False,1.0,P1199DA56E_01125,59.701,93.48837209302326,resolved_positive_competitive_blastp,0.0,,,,,,not_detected,1.0,Spx,P1199DA56E_00089,61.832,100.0,1.471520845566647,resolved_positive_competitive_blastp,0.0,,,,,not_detected
L. delbrueckii,GCF_003545935.1,False,1.0,P180F2F41B_01395,59.204,93.48837209302326,resolved_positive_competitive_blastp,0.0,,,,,,not_detected,1.0,Spx,P180F2F41B_00526,61.832,100.0,1.471520845566647,resolved_positive_competitive_blastp,0.0,,,,,not_detected
L. delbrueckii,GCF_004211505.1,False,1.0,P1E320B92A_01248,59.701,93.48837209302326,resolved_positive_competitive_blastp,0.0,,,,,,not_detected,1.0,Spx,P1E320B92A_00329,61.832,100.0,1.471520845566647,resolved_positive_competitive_blastp,0.0,,,,,not_detected
L. delbrueckii,GCF_004211735.1,False,1.0,P10A1A4009_01365,59.701,93.48837209302326,resolved_positive_competitive_blastp,0.0,,,,,,not_detected,1.0,Spx,P10A1A4009_00503,61.832,100.0,1.471520845566647,resolved_positive_competitive_blastp,0.0,,,,,not_detected
L. delbrueckii,GCF_009362855.1,False,1.0,P1B9EE4705_01349,59.204,93.48837209302326,resolved_positive_competitive_blastp,0.0,,,,,,not_detected,1.0,Spx,P1B9EE4705_00900,61.832,100.0,1.471520845566647,resolved_positive_competitive_blastp,0.0,,,,,not_detected
L. delbrueckii,GCF_009734125.1,False,1.0,P15C89E528_01547,59.204,93.48837209302326,resolved_positive_competitive_blastp,0.0,,,,,,not_detected,1.0,Spx,P15C89E528_00490,61.832,100.0,1.471520845566647,resolved_positive_competitive_blastp,0.0,,,,,not_detected
L. delbrueckii,GCF_014830125.1,False,1.0,P1B7C3677B_01990,59.701,93.48837209302326,resolved_positive_competitive_blastp,0.0,,,,,,not_detected,1.0,Spx,P1B7C3677B_00388,61.832,100.0,1.471520845566647,resolved_positive_competitive_blastp,0.0,,,,,not_detected
L. delbrueckii,GCF_015377785.1,False,1.0,P1F321648C_01480,59.204,93.48837209302326,resolved_positive_competitive_blastp,0.0,,,,,,not_detected,1.0,Spx,P1F321648C_00521,61.832,100.0,1.471520845566647,resolved_positive_competitive_blastp,0.0,,,,,not_detected
L. delbrueckii,GCF_019583415.1,False,1.0,P1ED082011_00033,59.701,93.48837209302326,resolved_positive_competitive_blastp,0.0,,,,,,not_detected,1.0,Spx,P1ED082011_01450,61.832,100.0,1.4759147143985258,resolved_positive_competitive_blastp,0.0,,,,,not_detected
L. delbrueckii,GCF_021600185.1,False,1.0,P18BC257B8_00729,59.701,93.48837209302326,resolved_positive_competitive_blastp,0.0,,,,,,not_detected,1.0,Spx,P18BC257B8_01318,61.832,100.0,1.471520845566647,resolved_positive_competitive_blastp,0.0,,,,,not_detected
L. delbrueckii,GCF_021600205.1,False,1.0,P1AADCD77A_00707,59.701,93.48837209302326,resolved_positive_competitive_blastp,0.0,,,,,,not_detected,1.0,Spx,P1AADCD77A_01809,61.832,100.0,1.471520845566647,resolved_positive_competitive_blastp,0.0,,,,,not_detected
L. delbrueckii,GCF_021600245.1,False,1.0,P1674D5D23_00869,59.701,93.48837209302326,resolved_positive_competitive_blastp,0.0,,,,,,not_detected,0.0,MgsR,P1674D5D23_00668,29.245,84.12698412698413,1.3524874596303167,resolved_as_MgsR,0.0,,,,,not_detected
L. delbrueckii,GCF_021600265.1,False,1.0,P167AF6898_00719,59.701,93.48837209302326,resolved_positive_competitive_blastp,0.0,,,,,,not_detected,1.0,Spx,P167AF6898_01440,61.832,100.0,1.471520845566647,resolved_positive_competitive_blastp,0.0,,,,,not_detected
L. delbrueckii,GCF_021600345.1,False,1.0,P1076AAC6D_01008,59.701,93.48837209302326,resolved_positive_competitive_blastp,0.0,,,,,,not_detected,1.0,Spx,P1076AAC6D_00082,61.832,100.0,1.471520845566647,resolved_positive_competitive_blastp,0.0,,,,,not_detected
L. delbrueckii,GCF_021600365.1,False,1.0,P137991B6B_00680,58.706,93.48837209302326,resolved_positive_competitive_blastp,0.0,,,,,,not_detected,1.0,Spx,P137991B6B_00434,61.832,100.0,1.471520845566647,resolved_positive_competitive_blastp,0.0,,,,,not_detected
L. delbrueckii,GCF_021600385.1,False,1.0,P10F83B89A_00190,59.701,93.48837209302326,resolved_positive_competitive_blastp,0.0,,,,,,not_detected,1.0,Spx,P10F83B89A_01371,61.832,100.0,1.471520845566647,resolved_positive_competitive_blastp,0.0,,,,,not_detected
L. delbrueckii,GCF_021600405.1,False,1.0,P1E985E39A_00342,59.701,93.48837209302326,resolved_positive_competitive_blastp,0.0,,,,,,not_detected,1.0,Spx,P1E985E39A_01818,61.832,100.0,1.471520845566647,resolved_positive_competitive_blastp,0.0,,,,,not_detected
L. delbrueckii,GCF_021600425.1,False,1.0,P13B098BB0_00627,59.701,93.48837209302326,resolved_positive_competitive_blastp,0.0,,,,,,not_detected,1.0,Spx,P13B098BB0_00885,61.832,100.0,1.471520845566647,resolved_positive_competitive_blastp,0.0,,,,,not_detected
L. delbrueckii,GCF_021600445.1,False,1.0,P1423E6FF5_01349,58.706,93.48837209302326,resolved_positive_competitive_blastp,0.0,,,,,,not_detected,1.0,Spx,P1423E6FF5_00045,61.832,100.0,1.471520845566647,resolved_positive_competitive_blastp,0.0,,,,,not_detected
L. delbrueckii,GCF_021600465.1,False,1.0,P13A2CDAB3_00426,59.701,93.48837209302326,resolved_positive_competitive_blastp,0.0,,,,,,not_detected,1.0,Spx,P13A2CDAB3_00831,61.832,100.0,1.471520845566647,resolved_positive_competitive_blastp,0.0,,,,,not_detected
L. delbrueckii,GCF_021600485.1,False,1.0,P182372FFF_00647,59.701,93.48837209302326,resolved_positive_competitive_blastp,0.0,,,,,,not_detected,1.0,Spx,P182372FFF_01291,61.832,100.0,1.471520845566647,resolved_positive_competitive_blastp,0.0,,,,,not_detected
L. delbrueckii,GCF_021600505.1,False,1.0,P13D2BCE5D_01721,59.701,93.48837209302326,resolved_positive_competitive_blastp,0.0,,,,,,not_detected,1.0,Spx,P13D2BCE5D_00322,61.069,100.0,1.4427480916030535,resolved_positive_competitive_blastp,0.0,,,,,not_detected
L. delbrueckii,GCF_021600525.1,False,1.0,P107BAE233_01162,58.706,93.48837209302326,resolved_positive_competitive_blastp,0.0,,,,,,not_detected,1.0,Spx,P107BAE233_00121,61.832,100.0,1.471520845566647,resolved_positive_competitive_blastp,0.0,,,,,not_detected
L. delbrueckii,GCF_021600545.1,False,1.0,P100A717D8_00505,59.701,93.48837209302326,resolved_positive_competitive_blastp,0.0,,,,,,not_detected,1.0,Spx,P100A717D8_00613,61.832,100.0,1.471520845566647,resolved_positive_competitive_blastp,0.0,,,,,not_detected
L. delbrueckii,GCF_021600565.1,False,1.0,P185B5F5E8_00730,59.701,93.48837209302326,resolved_positive_competitive_blastp,0.0,,,,,,not_detected,1.0,Spx,P185B5F5E8_00096,61.832,100.0,1.471520845566647,resolved_positive_competitive_blastp,0.0,,,,,not_detected
L. delbrueckii,GCF_021600585.1,False,1.0,P11A386156_00185,59.701,93.48837209302326,resolved_positive_competitive_blastp,0.0,,,,,,not_detected,1.0,Spx,P11A386156_00577,61.832,100.0,1.471520845566647,resolved_positive_competitive_blastp,0.0,,,,,not_detected
L. delbrueckii,GCF_021600605.1,False,1.0,P1A3544654_00787,59.701,93.48837209302326,resolved_positive_competitive_blastp,0.0,,,,,,not_detected,1.0,Spx,P1A3544654_01250,61.832,100.0,1.471520845566647,resolved_positive_competitive_blastp,0.0,,,,,not_detected
L. delbrueckii,GCF_021600625.1,False,1.0,P116B99E1D_00411,59.701,93.48837209302326,resolved_positive_competitive_blastp,0.0,,,,,,not_detected,1.0,Spx,P116B99E1D_01162,61.832,100.0,1.471520845566647,resolved_positive_competitive_blastp,0.0,,,,,not_detected
L. delbrueckii,GCF_021600645.1,False,1.0,P11C2F2EAF_00681,59.701,93.48837209302326,resolved_positive_competitive_blastp,0.0,,,,,,not_detected,1.0,Spx,P11C2F2EAF_01989,61.832,100.0,1.4887487553932954,resolved_positive_competitive_blastp,0.0,,,,,not_detected
L. delbrueckii,IAHAHI,True,,P1AC7D15BF_00870,65.546,55.34883720930232,unresolved_exact_annotation_without_confident_orthology,0.0,,,,,,not_detected,1.0,Spx,P1AC7D15BF_00248,61.832,100.0,1.471520845566647,resolved_positive_competitive_blastp,0.0,,,,,not_detected
L. plantarum,GCF_000687495.1,False,1.0,P1416E0403_01126,59.223,95.81395348837208,resolved_positive_competitive_blastp,0.0,PerR,P1416E0403_01962,46.528,99.3103448275862,2.046874274841046,resolved_as_PerR,1.0,Spx,P1416E0403_00086,67.176,100.0,1.5549618320610685,resolved_positive_competitive_blastp,1.0,P1416E0403_00536,40.299,91.15646258503402,yhhS:putative MFS-type transporter YhhS | :hypothetical protein | :hypothetical protein | ohrR:Organic hydroperoxide resistance transcriptional regulator | steT:Serine/threonine exchanger SteT | :Carbohydrate deacetylase | bglF_1:PTS system beta-glucoside-specific EIIBCA component,resolved_OhrR_sequence_and_context
L. plantarum,GCF_000731855.1,False,1.0,P1266C8FDC_00567,59.223,95.81395348837208,resolved_positive_competitive_blastp,0.0,PerR,P1266C8FDC_02824,46.528,99.3103448275862,2.046874274841046,resolved_as_PerR,1.0,Spx,P1266C8FDC_01959,67.176,100.0,1.5549618320610685,resolved_positive_competitive_blastp,1.0,P1266C8FDC_00706,40.299,91.15646258503402,bglF_1:PTS system beta-glucoside-specific EIIBCA component | :Carbohydrate deacetylase | steT:Serine/threonine exchanger SteT | ohrR:Organic hydroperoxide resistance transcriptional regulator | :hypothetical protein | :hypothetical protein | yhhS:putative MFS-type transporter YhhS,resolved_OhrR_sequence_and_context
L. plantarum,GCF_000743895.1,False,1.0,P1D942CB8F_01183,59.223,95.81395348837208,resolved_positive_competitive_blastp,0.0,PerR,P1D942CB8F_02385,46.528,99.3103448275862,2.046874274841046,resolved_as_PerR,1.0,Spx,P1D942CB8F_01425,66.412,100.0,1.5389312977099237,resolved_positive_competitive_blastp,1.0,P1D942CB8F_01576,40.299,91.15646258503402,yhhS:putative MFS-type transporter YhhS | :hypothetical protein | :hypothetical protein | ohrR:Organic hydroperoxide resistance transcriptional regulator | steT:Serine/threonine exchanger SteT | :Carbohydrate deacetylase | bglF_3:PTS system beta-glucoside-specific EIIBCA component,resolved_OhrR_sequence_and_context
L. plantarum,GCF_000764285.1,False,1.0,P1535EE49F_02815,59.223,95.81395348837208,resolved_positive_competitive_blastp,0.0,PerR,P1535EE49F_00610,46.528,99.3103448275862,2.046874274841046,resolved_as_PerR,1.0,Spx,P1535EE49F_01485,67.176,100.0,1.5549618320610685,resolved_positive_competitive_blastp,1.0,P1535EE49F_02669,40.299,91.15646258503402,yhhS:putative MFS-type transporter YhhS | :hypothetical protein | :hypothetical protein | ohrR:Organic hydroperoxide resistance transcriptional regulator | steT:Serine/threonine exchanger SteT | :Carbohydrate deacetylase | bglF_5:PTS system beta-glucoside-specific EIIBCA component,resolved_OhrR_sequence_and_context
L. plantarum,GCF_000931425.2,False,1.0,P19BA36D0B_00589,59.223,95.81395348837208,resolved_positive_competitive_blastp,0.0,PerR,P19BA36D0B_02783,46.528,99.3103448275862,2.046874274841046,resolved_as_PerR,1.0,Spx,P19BA36D0B_01927,67.176,100.0,1.5549618320610685,resolved_positive_competitive_blastp,1.0,P19BA36D0B_00736,40.299,91.15646258503402,bglF_1:PTS system beta-glucoside-specific EIIBCA component | :Carbohydrate deacetylase | steT:Serine/threonine exchanger SteT | ohrR:Organic hydroperoxide resistance transcriptional regulator | :hypothetical protein | :hypothetical protein | yhhS:putative MFS-type transporter YhhS,resolved_OhrR_sequence_and_context
L. plantarum,GCF_000956195.1,False,1.0,P1898CB58A_01635,59.223,95.81395348837208,resolved_positive_competitive_blastp,0.0,PerR,P1898CB58A_01948,46.528,99.3103448275862,2.046874274841046,resolved_as_PerR,1.0,Spx,P1898CB58A_00406,67.176,100.0,1.5549618320610685,resolved_positive_competitive_blastp,1.0,P1898CB58A_00228,40.299,91.15646258503402,yhhS:putative MFS-type transporter YhhS | :hypothetical protein | :hypothetical protein | ohrR:Organic hydroperoxide resistance transcriptional regulator | steT:Serine/threonine exchanger SteT | :Carbohydrate deacetylase | bglF_2:PTS system beta-glucoside-specific EIIBCA component,resolved_OhrR_sequence_and_context
L. plantarum,GCF_000966475.1,False,1.0,P13DBB3E6B_00551,59.223,95.81395348837208,resolved_positive_competitive_blastp,0.0,PerR,P13DBB3E6B_02695,46.528,99.3103448275862,2.046874274841046,resolved_as_PerR,1.0,Spx,P13DBB3E6B_01873,67.176,100.0,1.5549618320610685,resolved_positive_competitive_blastp,1.0,P13DBB3E6B_00692,40.299,91.15646258503402,bglF_1:PTS system beta-glucoside-specific EIIBCA component | chbG:Chitooligosaccharide deacetylase ChbG | steT:Serine/threonine exchanger SteT | ohrR:Organic hydroperoxide resistance transcriptional regulator | :hypothetical protein | :hypothetical protein | yhhS:putative MFS-type transporter YhhS,resolved_OhrR_sequence_and_context
L. plantarum,GCF_001005695.1,False,1.0,P1BD76F95C_01278,59.709,95.81395348837208,resolved_positive_competitive_blastp,0.0,PerR,P1BD76F95C_02099,46.528,99.3103448275862,2.046874274841046,resolved_as_PerR,1.0,Spx,P1BD76F95C_02473,67.176,100.0,1.5549618320610685,resolved_positive_competitive_blastp,1.0,P1BD76F95C_02428,40.299,91.15646258503402,bglF_2:PTS system beta-glucoside-specific EIIBCA component | :Carbohydrate deacetylase | steT:Serine/threonine exchanger SteT | ohrR:Organic hydroperoxide resistance transcriptional regulator | :hypothetical protein | :hypothetical protein | yhhS:putative MFS-type transporter YhhS,resolved_OhrR_sequence_and_context
L. plantarum,GCF_001005805.1,False,1.0,P12FE9531E_01406,59.223,95.81395348837208,resolved_positive_competitive_blastp,0.0,PerR,P12FE9531E_03120,46.528,99.3103448275862,2.046874274841046,resolved_as_PerR,1.0,Spx,P12FE9531E_00148,67.176,100.0,1.5549618320610685,resolved_positive_competitive_blastp,1.0,P12FE9531E_01261,40.299,91.15646258503402,yhhS:putative MFS-type transporter YhhS | :hypothetical protein | :hypothetical protein | ohrR:Organic hydroperoxide resistance transcriptional regulator | steT:Serine/threonine exchanger SteT | :Carbohydrate deacetylase | bglF_1:PTS system beta-glucoside-specific EIIBCA component,resolved_OhrR_sequence_and_context
L. plantarum,GCF_001010175.1,False,1.0,P1C02DF4A8_00034,59.223,95.81395348837208,resolved_positive_competitive_blastp,0.0,PerR,P1C02DF4A8_02156,46.528,99.3103448275862,2.0523800599700155,resolved_as_PerR,1.0,Spx,P1C02DF4A8_02005,66.412,100.0,1.5389312977099237,resolved_positive_competitive_blastp,1.0,P1C02DF4A8_00179,40.299,91.15646258503402,bglF_1:PTS system beta-glucoside-specific EIIBCA component | :Carbohydrate deacetylase | steT:Serine/threonine exchanger SteT | ohrR:Organic hydroperoxide resistance transcriptional regulator | :hypothetical protein | :hypothetical protein | yhhS:putative MFS-type transporter YhhS,resolved_OhrR_sequence_and_context
L. plantarum,GCF_001267905.1,False,1.0,P131E2F992_01401,59.223,95.81395348837208,resolved_positive_competitive_blastp,0.0,PerR,P131E2F992_01862,46.528,99.3103448275862,2.046874274841046,resolved_as_PerR,1.0,Spx,P131E2F992_00044,67.176,100.0,1.5549618320610685,resolved_positive_competitive_blastp,1.0,P131E2F992_01332,40.299,91.15646258503402,yhhS:putative MFS-type transporter YhhS | :hypothetical protein | :hypothetical protein | ohrR:Organic hydroperoxide resistance transcriptional regulator | steT_1:Serine/threonine exchanger SteT | :hypothetical protein | steT_2:Serine/threonine exchanger SteT,resolved_OhrR_sequence_and_context
L. plantarum,GCF_001278015.1,False,1.0,P13B5E9AA1_00566,59.223,95.81395348837208,resolved_positive_competitive_blastp,0.0,PerR,P13B5E9AA1_02782,46.528,99.3103448275862,2.046874274841046,resolved_as_PerR,1.0,Spx,P13B5E9AA1_01933,67.176,100.0,1.5549618320610685,resolved_positive_competitive_blastp,1.0,P13B5E9AA1_00707,40.299,91.15646258503402,bglF_1:PTS system beta-glucoside-specific EIIBCA component | :Carbohydrate deacetylase | steT:Serine/threonine exchanger SteT | ohrR:Organic hydroperoxide resistance transcriptional regulator | :hypothetical protein | :hypothetical protein | yhhS:putative MFS-type transporter YhhS,resolved_OhrR_sequence_and_context
L. plantarum,GCF_001296095.1,False,1.0,P136EA2F79_02908,59.223,95.81395348837208,resolved_positive_competitive_blastp,0.0,PerR,P136EA2F79_01993,46.528,99.3103448275862,2.046874274841046,resolved_as_PerR,1.0,Spx,P136EA2F79_01140,67.176,100.0,1.5549618320610685,resolved_positive_competitive_blastp,,P136EA2F79_00016,40.299,91.15646258503402,bglF_1:PTS system beta-glucoside-specific EIIBCA component | :Carbohydrate deacetylase | steT:Serine/threonine exchanger SteT | ohrR_1:Organic hydroperoxide resistance transcriptional regulator | :hypothetical protein | :hypothetical protein | yhhS:putative MFS-type transporter YhhS,unresolved_OhrR_without_context
L. plantarum,GCF_001302645.1,False,1.0,P10374EA45_02400,59.223,95.81395348837208,resolved_positive_competitive_blastp,0.0,PerR,P10374EA45_01550,46.528,99.3103448275862,2.046874274841046,resolved_as_PerR,1.0,Spx,P10374EA45_00681,67.176,100.0,1.5137029157802526,resolved_positive_competitive_blastp,1.0,P10374EA45_02542,40.299,91.15646258503402,glnP_1:putative glutamine ABC transporter permease protein GlnP | :IS30 family transposase ISLsa1 | :hypothetical protein | ohrR:Organic hydroperoxide resistance transcriptional regulator | steT:Serine/threonine exchanger SteT | chbG_1:Chitooligosaccharide deacetylase | :hypothetical protein,resolved_OhrR_sequence_and_context
L. plantarum,GCF_001308305.1,False,1.0,P13568631D_01272,59.223,95.81395348837208,resolved_positive_competitive_blastp,0.0,PerR,P13568631D_00803,46.528,99.3103448275862,2.046874274841046,resolved_as_PerR,1.0,Spx,P13568631D_03067,66.412,100.0,1.5389312977099237,resolved_positive_competitive_blastp,1.0,P13568631D_01417,40.299,91.15646258503402,bglF_5:PTS system beta-glucoside-specific EIIBCA component | :Carbohydrate deacetylase | steT:Serine/threonine exchanger SteT | ohrR:Organic hydroperoxide resistance transcriptional regulator | :hypothetical protein | :hypothetical protein | yhhS:putative MFS-type transporter YhhS,resolved_OhrR_sequence_and_context
L. plantarum,GCF_001331925.2,False,1.0,P18C83F0E5_00552,59.223,95.81395348837208,resolved_positive_competitive_blastp,0.0,PerR,P18C83F0E5_02704,46.528,99.3103448275862,2.046874274841046,resolved_as_PerR,1.0,Spx,P18C83F0E5_01832,66.412,100.0,1.5389312977099237,resolved_positive_competitive_blastp,1.0,P18C83F0E5_00699,40.58,93.87755102040816,bglF_1:PTS system beta-glucoside-specific EIIBCA component | :Carbohydrate deacetylase | steT:Serine/threonine exchanger SteT | ohrR:Organic hydroperoxide resistance transcriptional regulator | :hypothetical protein | :hypothetical protein | yhhS:putative MFS-type transporter YhhS,resolved_OhrR_sequence_and_context
L. plantarum,GCF_001368775.1,False,1.0,P10D5C22B8_01657,59.223,95.81395348837208,resolved_positive_competitive_blastp,0.0,PerR,P10D5C22B8_02311,46.528,99.3103448275862,2.046874274841046,resolved_as_PerR,1.0,Spx,P10D5C22B8_01002,67.176,100.0,1.5549618320610685,resolved_positive_competitive_blastp,1.0,P10D5C22B8_00268,40.299,91.15646258503402,yhhS:putative MFS-type transporter YhhS | :hypothetical protein | :hypothetical protein | ohrR:Organic hydroperoxide resistance transcriptional regulator | steT:Serine/threonine exchanger SteT | :Carbohydrate deacetylase | bglF_1:PTS system beta-glucoside-specific EIIBCA component,resolved_OhrR_sequence_and_context
L. plantarum,GCF_001436855.1,False,1.0,P11A6FF55D_00781,59.223,95.81395348837208,resolved_positive_competitive_blastp,0.0,PerR,P11A6FF55D_01476,46.528,99.3103448275862,2.046874274841046,resolved_as_PerR,1.0,Spx,P11A6FF55D_03295,67.176,100.0,1.5549618320610685,resolved_positive_competitive_blastp,1.0,P11A6FF55D_00927,40.299,91.15646258503402,bglF_1:PTS system beta-glucoside-specific EIIBCA component | :Carbohydrate deacetylase | steT:Serine/threonine exchanger SteT | ohrR:Organic hydroperoxide resistance transcriptional regulator | :hypothetical protein | :hypothetical protein | yhhS:putative MFS-type transporter YhhS,resolved_OhrR_sequence_and_context
L. plantarum,GCF_001444495.1,False,1.0,P1B3F69934_01223,59.223,95.81395348837208,resolved_positive_competitive_blastp,0.0,PerR,P1B3F69934_01084,46.528,99.3103448275862,2.046874274841046,resolved_as_PerR,1.0,Spx,P1B3F69934_00621,67.176,100.0,1.5549618320610685,resolved_positive_competitive_blastp,1.0,P1B3F69934_00564,40.299,91.15646258503402,yhhS:putative MFS-type transporter YhhS | :hypothetical protein | :hypothetical protein | ohrR:Organic hydroperoxide resistance transcriptional regulator | steT:Serine/threonine exchanger SteT | :Carbohydrate deacetylase | bglF_1:PTS system beta-glucoside-specific EIIBCA component,resolved_OhrR_sequence_and_context
L. plantarum,GCF_001484005.1,False,1.0,P1B893052C_02716,59.223,95.81395348837208,resolved_positive_competitive_blastp,0.0,PerR,P1B893052C_00507,46.528,99.3103448275862,2.046874274841046,resolved_as_PerR,1.0,Spx,P1B893052C_01442,67.176,100.0,1.5549618320610685,resolved_positive_competitive_blastp,1.0,P1B893052C_02569,40.299,91.15646258503402,yhhS:putative MFS-type transporter YhhS | :hypothetical protein | :hypothetical protein | ohrR:Organic hydroperoxide resistance transcriptional regulator | steT:Serine/threonine exchanger SteT | :Carbohydrate deacetylase | bglF_3:PTS system beta-glucoside-specific EIIBCA component,resolved_OhrR_sequence_and_context
L. plantarum,GCF_001540925.1,False,1.0,P1EB452A04_02935,59.223,95.81395348837208,resolved_positive_competitive_blastp,0.0,PerR,P1EB452A04_01927,46.528,99.3103448275862,2.046874274841046,resolved_as_PerR,1.0,Spx,P1EB452A04_01017,67.176,100.0,1.5549618320610685,resolved_positive_competitive_blastp,1.0,P1EB452A04_02454,40.299,91.15646258503402,yhhS:putative MFS-type transporter YhhS | :hypothetical protein | :hypothetical protein | ohrR:Organic hydroperoxide resistance transcriptional regulator | steT:Serine/threonine exchanger SteT | :Carbohydrate deacetylase | bglF_5:PTS system beta-glucoside-specific EIIBCA component,resolved_OhrR_sequence_and_context
L. plantarum,GCF_001540965.1,False,1.0,P132B78AE9_02558,59.223,95.81395348837208,resolved_positive_competitive_blastp,0.0,PerR,P132B78AE9_02728,46.528,99.3103448275862,2.046874274841046,resolved_as_PerR,1.0,Spx,P132B78AE9_02322,67.176,100.0,1.5549618320610685,resolved_positive_competitive_blastp,1.0,P132B78AE9_01788,40.299,91.15646258503402,bglF_3:PTS system beta-glucoside-specific EIIBCA component | :Carbohydrate deacetylase | steT:Serine/threonine exchanger SteT | ohrR:Organic hydroperoxide resistance transcriptional regulator | :hypothetical protein | :hypothetical protein | yhhS:putative MFS-type transporter YhhS,resolved_OhrR_sequence_and_context
L. plantarum,GCF_001581895.1,False,1.0,P12F9DAEC3_00520,59.223,95.81395348837208,resolved_positive_competitive_blastp,0.0,PerR,P12F9DAEC3_02595,46.528,99.3103448275862,2.046874274841046,resolved_as_PerR,1.0,Spx,P12F9DAEC3_01757,67.176,100.0,1.5549618320610685,resolved_positive_competitive_blastp,1.0,P12F9DAEC3_00660,40.299,91.15646258503402,bglF_1:PTS system beta-glucoside-specific EIIBCA component | :Carbohydrate deacetylase | steT:Serine/threonine exchanger SteT | ohrR:Organic hydroperoxide resistance transcriptional regulator | :hypothetical protein | :hypothetical protein | yhhS:putative MFS-type transporter YhhS,resolved_OhrR_sequence_and_context
L. plantarum,GCF_001595615.1,False,1.0,P18D58DFCA_02393,59.223,95.81395348837208,resolved_positive_competitive_blastp,0.0,PerR,P18D58DFCA_02985,46.528,99.3103448275862,2.046874274841046,resolved_as_PerR,1.0,Spx,P18D58DFCA_03013,67.176,100.0,1.5549618320610685,resolved_positive_competitive_blastp,1.0,P18D58DFCA_01135,40.299,91.15646258503402,yhhS:putative MFS-type transporter YhhS | :hypothetical protein | :hypothetical protein | ohrR:Organic hydroperoxide resistance transcriptional regulator | steT:Serine/threonine exchanger SteT | :Carbohydrate deacetylase | bglF_1:PTS system beta-glucoside-specific EIIBCA component,resolved_OhrR_sequence_and_context
L. plantarum,GCF_001596095.1,False,1.0,P127F2BDD6_00647,59.223,95.81395348837208,resolved_positive_competitive_blastp,0.0,PerR,P127F2BDD6_02779,46.528,99.3103448275862,2.046874274841046,resolved_as_PerR,1.0,Spx,P127F2BDD6_01967,66.412,100.0,1.5389312977099237,resolved_positive_competitive_blastp,1.0,P127F2BDD6_00792,40.299,91.15646258503402,bglF_1:PTS system beta-glucoside-specific EIIBCA component | :Carbohydrate deacetylase | steT:Serine/threonine exchanger SteT | ohrR:Organic hydroperoxide resistance transcriptional regulator | :hypothetical protein | :hypothetical protein | yhhS:putative MFS-type transporter YhhS,resolved_OhrR_sequence_and_context
L. plantarum,GCF_001596195.1,False,1.0,P12FAD427B_00840,59.223,95.81395348837208,resolved_positive_competitive_blastp,0.0,PerR,P12FAD427B_01213,46.528,99.3103448275862,2.046874274841046,resolved_as_PerR,1.0,Spx,P12FAD427B_03535,67.176,100.0,1.5549618320610685,resolved_positive_competitive_blastp,1.0,P12FAD427B_03324,40.299,91.15646258503402,yhhS:putative MFS-type transporter YhhS | :hypothetical protein | :hypothetical protein | ohrR:Organic hydroperoxide resistance transcriptional regulator | steT:Serine/threonine exchanger SteT | :Carbohydrate deacetylase | bglF_5:PTS system beta-glucoside-specific EIIBCA component,resolved_OhrR_sequence_and_context
L. plantarum,GCF_001597605.1,False,1.0,P1C9553068_00658,59.223,95.81395348837208,resolved_positive_competitive_blastp,0.0,PerR,P1C9553068_01023,46.528,99.3103448275862,2.046874274841046,resolved_as_PerR,1.0,Spx,P1C9553068_03544,67.176,100.0,1.5549618320610685,resolved_positive_competitive_blastp,1.0,P1C9553068_01679,40.299,91.15646258503402,yhhS:putative MFS-type transporter YhhS | :hypothetical protein | :hypothetical protein | ohrR:Organic hydroperoxide resistance transcriptional regulator | steT:Serine/threonine exchanger SteT | :Carbohydrate deacetylase | bglF_3:PTS system beta-glucoside-specific EIIBCA component,resolved_OhrR_sequence_and_context
L. plantarum,GCF_001617525.2,False,1.0,P1E602EEF3_00626,59.223,95.81395348837208,resolved_positive_competitive_blastp,0.0,PerR,P1E602EEF3_02767,46.528,99.3103448275862,2.046874274841046,resolved_as_PerR,1.0,Spx,P1E602EEF3_01899,67.176,100.0,1.5549618320610685,resolved_positive_competitive_blastp,1.0,P1E602EEF3_00773,40.299,91.15646258503402,bglF_2:PTS system beta-glucoside-specific EIIBCA component | :Carbohydrate deacetylase | steT:Serine/threonine exchanger SteT | ohrR:Organic hydroperoxide resistance transcriptional regulator | :hypothetical protein | :hypothetical protein | yhhS:putative MFS-type transporter YhhS,resolved_OhrR_sequence_and_context
L. plantarum,GCF_001619265.1,False,1.0,P16677AA66_02462,59.223,95.81395348837208,resolved_positive_competitive_blastp,0.0,PerR,P16677AA66_01099,46.528,99.3103448275862,2.046874274841046,resolved_as_PerR,1.0,Spx,P16677AA66_02369,67.176,100.0,1.5549618320610685,resolved_positive_competitive_blastp,1.0,P16677AA66_01485,40.299,91.15646258503402,yhhS:putative MFS-type transporter YhhS | :hypothetical protein | :hypothetical protein | ohrR:Organic hydroperoxide resistance transcriptional regulator | steT:Serine/threonine exchanger SteT | :Carbohydrate deacetylase | bglF_3:PTS system beta-glucoside-specific EIIBCA component,resolved_OhrR_sequence_and_context
L. plantarum,GCF_009913655.1,False,1.0,P1B9A3FF21_01850,59.223,95.81395348837208,resolved_positive_competitive_blastp,0.0,PerR,P1B9A3FF21_00926,46.528,99.3103448275862,2.046874274841046,resolved_as_PerR,1.0,Spx,P1B9A3FF21_00151,67.176,100.0,1.5549618320610685,resolved_positive_competitive_blastp,1.0,P1B9A3FF21_01991,40.299,91.15646258503402,bglF_4:PTS system beta-glucoside-specific EIIBCA component | :Carbohydrate deacetylase | steT:Serine/threonine exchanger SteT | ohrR:Organic hydroperoxide resistance transcriptional regulator | :hypothetical protein | :hypothetical protein | yhhS:putative MFS-type transporter YhhS,resolved_OhrR_sequence_and_context
L. plantarum,ZPZ,True,1.0,P1C1F7B07C_00454,59.223,95.81395348837208,resolved_positive_competitive_blastp,0.0,PerR,P1C1F7B07C_01997,46.528,99.3103448275862,2.046874274841046,resolved_as_PerR,1.0,Spx,P1C1F7B07C_01152,67.176,100.0,1.5549618320610685,resolved_positive_competitive_blastp,1.0,P1C1F7B07C_00594,40.299,91.15646258503402,bglF_3:PTS system beta-glucoside-specific EIIBCA component | :Carbohydrate deacetylase | steT:Serine/threonine exchanger SteT | ohrR:Organic hydroperoxide resistance transcriptional regulator | :hypothetical protein | :hypothetical protein | yhhS:putative MFS-type transporter YhhS,resolved_OhrR_sequence_and_context
