species,accession,is_focal,target,query_sha256,pident,coverage,evalue,bitscore,present,method_version
L. rhamnosus,GCF_000743075.1,0,SOD,43b2482586b259b2094193668820b0e2bb48c0b143f24850c45438bea0ec8a30,,,,,0,multiquery_tblastn_querybound_v2
L. rhamnosus,GCF_000801045.1,0,SOD,43b2482586b259b2094193668820b0e2bb48c0b143f24850c45438bea0ec8a30,,,,,0,multiquery_tblastn_querybound_v2
L. rhamnosus,GCF_000814485.1,0,SOD,43b2482586b259b2094193668820b0e2bb48c0b143f24850c45438bea0ec8a30,,,,,0,multiquery_tblastn_querybound_v2
L. rhamnosus,GCF_000932035.1,0,SOD,43b2482586b259b2094193668820b0e2bb48c0b143f24850c45438bea0ec8a30,,,,,0,multiquery_tblastn_querybound_v2
L. rhamnosus,GCF_001005625.1,0,SOD,43b2482586b259b2094193668820b0e2bb48c0b143f24850c45438bea0ec8a30,,,,,0,multiquery_tblastn_querybound_v2
L. rhamnosus,GCF_001044025.1,0,SOD,43b2482586b259b2094193668820b0e2bb48c0b143f24850c45438bea0ec8a30,,,,,0,multiquery_tblastn_querybound_v2
L. rhamnosus,GCF_001044415.1,0,SOD,43b2482586b259b2094193668820b0e2bb48c0b143f24850c45438bea0ec8a30,,,,,0,multiquery_tblastn_querybound_v2
L. rhamnosus,GCF_001062885.1,0,SOD,43b2482586b259b2094193668820b0e2bb48c0b143f24850c45438bea0ec8a30,,,,,0,multiquery_tblastn_querybound_v2
L. rhamnosus,GCF_001062955.1,0,SOD,43b2482586b259b2094193668820b0e2bb48c0b143f24850c45438bea0ec8a30,,,,,0,multiquery_tblastn_querybound_v2
L. rhamnosus,GCF_001063655.1,0,SOD,43b2482586b259b2094193668820b0e2bb48c0b143f24850c45438bea0ec8a30,,,,,0,multiquery_tblastn_querybound_v2
L. rhamnosus,GCF_001064515.1,0,SOD,43b2482586b259b2094193668820b0e2bb48c0b143f24850c45438bea0ec8a30,,,,,0,multiquery_tblastn_querybound_v2
L. rhamnosus,GCF_001064785.1,0,SOD,43b2482586b259b2094193668820b0e2bb48c0b143f24850c45438bea0ec8a30,,,,,0,multiquery_tblastn_querybound_v2
L. rhamnosus,GCF_001065365.1,0,SOD,43b2482586b259b2094193668820b0e2bb48c0b143f24850c45438bea0ec8a30,,,,,0,multiquery_tblastn_querybound_v2
L. rhamnosus,GCF_001066715.1,0,SOD,43b2482586b259b2094193668820b0e2bb48c0b143f24850c45438bea0ec8a30,,,,,0,multiquery_tblastn_querybound_v2
L. rhamnosus,GCF_001066975.1,0,SOD,43b2482586b259b2094193668820b0e2bb48c0b143f24850c45438bea0ec8a30,,,,,0,multiquery_tblastn_querybound_v2
L. rhamnosus,GCF_001067025.1,0,SOD,43b2482586b259b2094193668820b0e2bb48c0b143f24850c45438bea0ec8a30,,,,,0,multiquery_tblastn_querybound_v2
L. rhamnosus,GCF_001067215.1,0,SOD,43b2482586b259b2094193668820b0e2bb48c0b143f24850c45438bea0ec8a30,,,,,0,multiquery_tblastn_querybound_v2
L. rhamnosus,GCF_001067335.1,0,SOD,43b2482586b259b2094193668820b0e2bb48c0b143f24850c45438bea0ec8a30,,,,,0,multiquery_tblastn_querybound_v2
L. rhamnosus,GCF_001067625.1,0,SOD,43b2482586b259b2094193668820b0e2bb48c0b143f24850c45438bea0ec8a30,,,,,0,multiquery_tblastn_querybound_v2
L. rhamnosus,GCF_001067885.1,0,SOD,43b2482586b259b2094193668820b0e2bb48c0b143f24850c45438bea0ec8a30,,,,,0,multiquery_tblastn_querybound_v2
L. rhamnosus,GCF_001068015.1,0,SOD,43b2482586b259b2094193668820b0e2bb48c0b143f24850c45438bea0ec8a30,,,,,0,multiquery_tblastn_querybound_v2
L. rhamnosus,GCF_001068045.1,0,SOD,43b2482586b259b2094193668820b0e2bb48c0b143f24850c45438bea0ec8a30,,,,,0,multiquery_tblastn_querybound_v2
L. rhamnosus,GCF_001068195.1,0,SOD,43b2482586b259b2094193668820b0e2bb48c0b143f24850c45438bea0ec8a30,,,,,0,multiquery_tblastn_querybound_v2
L. rhamnosus,GCF_001068215.1,0,SOD,43b2482586b259b2094193668820b0e2bb48c0b143f24850c45438bea0ec8a30,,,,,0,multiquery_tblastn_querybound_v2
L. rhamnosus,GCF_001368735.1,0,SOD,43b2482586b259b2094193668820b0e2bb48c0b143f24850c45438bea0ec8a30,,,,,0,multiquery_tblastn_querybound_v2
L. rhamnosus,GCF_001590655.1,0,SOD,43b2482586b259b2094193668820b0e2bb48c0b143f24850c45438bea0ec8a30,,,,,0,multiquery_tblastn_querybound_v2
L. rhamnosus,GCF_001645615.1,0,SOD,43b2482586b259b2094193668820b0e2bb48c0b143f24850c45438bea0ec8a30,,,,,0,multiquery_tblastn_querybound_v2
L. rhamnosus,GCF_001656535.1,0,SOD,43b2482586b259b2094193668820b0e2bb48c0b143f24850c45438bea0ec8a30,,,,,0,multiquery_tblastn_querybound_v2
L. rhamnosus,GCF_001656545.1,0,SOD,43b2482586b259b2094193668820b0e2bb48c0b143f24850c45438bea0ec8a30,,,,,0,multiquery_tblastn_querybound_v2
L. rhamnosus,GCF_900636965.1,0,SOD,43b2482586b259b2094193668820b0e2bb48c0b143f24850c45438bea0ec8a30,,,,,0,multiquery_tblastn_querybound_v2
L. rhamnosus,Vahe,1,SOD,43b2482586b259b2094193668820b0e2bb48c0b143f24850c45438bea0ec8a30,,,,,0,multiquery_tblastn_querybound_v2
L. delbrueckii,GCF_000056065.1,0,SOD,43b2482586b259b2094193668820b0e2bb48c0b143f24850c45438bea0ec8a30,,,,,0,multiquery_tblastn_querybound_v2
L. delbrueckii,GCF_002847905.1,0,SOD,43b2482586b259b2094193668820b0e2bb48c0b143f24850c45438bea0ec8a30,,,,,0,multiquery_tblastn_querybound_v2
L. delbrueckii,GCF_003545935.1,0,SOD,43b2482586b259b2094193668820b0e2bb48c0b143f24850c45438bea0ec8a30,,,,,0,multiquery_tblastn_querybound_v2
L. delbrueckii,GCF_004211505.1,0,SOD,43b2482586b259b2094193668820b0e2bb48c0b143f24850c45438bea0ec8a30,,,,,0,multiquery_tblastn_querybound_v2
L. delbrueckii,GCF_004211735.1,0,SOD,43b2482586b259b2094193668820b0e2bb48c0b143f24850c45438bea0ec8a30,,,,,0,multiquery_tblastn_querybound_v2
L. delbrueckii,GCF_009362855.1,0,SOD,43b2482586b259b2094193668820b0e2bb48c0b143f24850c45438bea0ec8a30,,,,,0,multiquery_tblastn_querybound_v2
L. delbrueckii,GCF_009734125.1,0,SOD,43b2482586b259b2094193668820b0e2bb48c0b143f24850c45438bea0ec8a30,,,,,0,multiquery_tblastn_querybound_v2
L. delbrueckii,GCF_014830125.1,0,SOD,43b2482586b259b2094193668820b0e2bb48c0b143f24850c45438bea0ec8a30,,,,,0,multiquery_tblastn_querybound_v2
L. delbrueckii,GCF_015377785.1,0,SOD,43b2482586b259b2094193668820b0e2bb48c0b143f24850c45438bea0ec8a30,,,,,0,multiquery_tblastn_querybound_v2
L. delbrueckii,GCF_019583415.1,0,SOD,43b2482586b259b2094193668820b0e2bb48c0b143f24850c45438bea0ec8a30,,,,,0,multiquery_tblastn_querybound_v2
L. delbrueckii,GCF_021600185.1,0,SOD,43b2482586b259b2094193668820b0e2bb48c0b143f24850c45438bea0ec8a30,,,,,0,multiquery_tblastn_querybound_v2
L. delbrueckii,GCF_021600205.1,0,SOD,43b2482586b259b2094193668820b0e2bb48c0b143f24850c45438bea0ec8a30,,,,,0,multiquery_tblastn_querybound_v2
L. delbrueckii,GCF_021600245.1,0,SOD,43b2482586b259b2094193668820b0e2bb48c0b143f24850c45438bea0ec8a30,,,,,0,multiquery_tblastn_querybound_v2
L. delbrueckii,GCF_021600265.1,0,SOD,43b2482586b259b2094193668820b0e2bb48c0b143f24850c45438bea0ec8a30,,,,,0,multiquery_tblastn_querybound_v2
L. delbrueckii,GCF_021600345.1,0,SOD,43b2482586b259b2094193668820b0e2bb48c0b143f24850c45438bea0ec8a30,,,,,0,multiquery_tblastn_querybound_v2
L. delbrueckii,GCF_021600365.1,0,SOD,43b2482586b259b2094193668820b0e2bb48c0b143f24850c45438bea0ec8a30,,,,,0,multiquery_tblastn_querybound_v2
L. delbrueckii,GCF_021600385.1,0,SOD,43b2482586b259b2094193668820b0e2bb48c0b143f24850c45438bea0ec8a30,,,,,0,multiquery_tblastn_querybound_v2
L. delbrueckii,GCF_021600405.1,0,SOD,43b2482586b259b2094193668820b0e2bb48c0b143f24850c45438bea0ec8a30,,,,,0,multiquery_tblastn_querybound_v2
L. delbrueckii,GCF_021600425.1,0,SOD,43b2482586b259b2094193668820b0e2bb48c0b143f24850c45438bea0ec8a30,,,,,0,multiquery_tblastn_querybound_v2
L. delbrueckii,GCF_021600445.1,0,SOD,43b2482586b259b2094193668820b0e2bb48c0b143f24850c45438bea0ec8a30,,,,,0,multiquery_tblastn_querybound_v2
L. delbrueckii,GCF_021600465.1,0,SOD,43b2482586b259b2094193668820b0e2bb48c0b143f24850c45438bea0ec8a30,,,,,0,multiquery_tblastn_querybound_v2
L. delbrueckii,GCF_021600485.1,0,SOD,43b2482586b259b2094193668820b0e2bb48c0b143f24850c45438bea0ec8a30,,,,,0,multiquery_tblastn_querybound_v2
L. delbrueckii,GCF_021600505.1,0,SOD,43b2482586b259b2094193668820b0e2bb48c0b143f24850c45438bea0ec8a30,,,,,0,multiquery_tblastn_querybound_v2
L. delbrueckii,GCF_021600525.1,0,SOD,43b2482586b259b2094193668820b0e2bb48c0b143f24850c45438bea0ec8a30,,,,,0,multiquery_tblastn_querybound_v2
L. delbrueckii,GCF_021600545.1,0,SOD,43b2482586b259b2094193668820b0e2bb48c0b143f24850c45438bea0ec8a30,,,,,0,multiquery_tblastn_querybound_v2
L. delbrueckii,GCF_021600565.1,0,SOD,43b2482586b259b2094193668820b0e2bb48c0b143f24850c45438bea0ec8a30,,,,,0,multiquery_tblastn_querybound_v2
L. delbrueckii,GCF_021600585.1,0,SOD,43b2482586b259b2094193668820b0e2bb48c0b143f24850c45438bea0ec8a30,,,,,0,multiquery_tblastn_querybound_v2
L. delbrueckii,GCF_021600605.1,0,SOD,43b2482586b259b2094193668820b0e2bb48c0b143f24850c45438bea0ec8a30,,,,,0,multiquery_tblastn_querybound_v2
L. delbrueckii,GCF_021600625.1,0,SOD,43b2482586b259b2094193668820b0e2bb48c0b143f24850c45438bea0ec8a30,,,,,0,multiquery_tblastn_querybound_v2
L. delbrueckii,GCF_021600645.1,0,SOD,43b2482586b259b2094193668820b0e2bb48c0b143f24850c45438bea0ec8a30,,,,,0,multiquery_tblastn_querybound_v2
L. delbrueckii,IAHAHI,1,SOD,43b2482586b259b2094193668820b0e2bb48c0b143f24850c45438bea0ec8a30,,,,,0,multiquery_tblastn_querybound_v2
L. plantarum,GCF_000687495.1,0,SOD,43b2482586b259b2094193668820b0e2bb48c0b143f24850c45438bea0ec8a30,,,,,0,multiquery_tblastn_querybound_v2
L. plantarum,GCF_000731855.1,0,SOD,43b2482586b259b2094193668820b0e2bb48c0b143f24850c45438bea0ec8a30,,,,,0,multiquery_tblastn_querybound_v2
L. plantarum,GCF_000743895.1,0,SOD,43b2482586b259b2094193668820b0e2bb48c0b143f24850c45438bea0ec8a30,,,,,0,multiquery_tblastn_querybound_v2
L. plantarum,GCF_000764285.1,0,SOD,43b2482586b259b2094193668820b0e2bb48c0b143f24850c45438bea0ec8a30,,,,,0,multiquery_tblastn_querybound_v2
L. plantarum,GCF_000931425.2,0,SOD,43b2482586b259b2094193668820b0e2bb48c0b143f24850c45438bea0ec8a30,,,,,0,multiquery_tblastn_querybound_v2
L. plantarum,GCF_000956195.1,0,SOD,43b2482586b259b2094193668820b0e2bb48c0b143f24850c45438bea0ec8a30,,,,,0,multiquery_tblastn_querybound_v2
L. plantarum,GCF_000966475.1,0,SOD,43b2482586b259b2094193668820b0e2bb48c0b143f24850c45438bea0ec8a30,,,,,0,multiquery_tblastn_querybound_v2
L. plantarum,GCF_001005695.1,0,SOD,43b2482586b259b2094193668820b0e2bb48c0b143f24850c45438bea0ec8a30,,,,,0,multiquery_tblastn_querybound_v2
L. plantarum,GCF_001005805.1,0,SOD,43b2482586b259b2094193668820b0e2bb48c0b143f24850c45438bea0ec8a30,,,,,0,multiquery_tblastn_querybound_v2
L. plantarum,GCF_001010175.1,0,SOD,43b2482586b259b2094193668820b0e2bb48c0b143f24850c45438bea0ec8a30,,,,,0,multiquery_tblastn_querybound_v2
L. plantarum,GCF_001267905.1,0,SOD,43b2482586b259b2094193668820b0e2bb48c0b143f24850c45438bea0ec8a30,,,,,0,multiquery_tblastn_querybound_v2
L. plantarum,GCF_001278015.1,0,SOD,43b2482586b259b2094193668820b0e2bb48c0b143f24850c45438bea0ec8a30,,,,,0,multiquery_tblastn_querybound_v2
L. plantarum,GCF_001296095.1,0,SOD,43b2482586b259b2094193668820b0e2bb48c0b143f24850c45438bea0ec8a30,,,,,0,multiquery_tblastn_querybound_v2
L. plantarum,GCF_001302645.1,0,SOD,43b2482586b259b2094193668820b0e2bb48c0b143f24850c45438bea0ec8a30,,,,,0,multiquery_tblastn_querybound_v2
L. plantarum,GCF_001308305.1,0,SOD,43b2482586b259b2094193668820b0e2bb48c0b143f24850c45438bea0ec8a30,,,,,0,multiquery_tblastn_querybound_v2
L. plantarum,GCF_001331925.2,0,SOD,43b2482586b259b2094193668820b0e2bb48c0b143f24850c45438bea0ec8a30,,,,,0,multiquery_tblastn_querybound_v2
L. plantarum,GCF_001368775.1,0,SOD,43b2482586b259b2094193668820b0e2bb48c0b143f24850c45438bea0ec8a30,,,,,0,multiquery_tblastn_querybound_v2
L. plantarum,GCF_001436855.1,0,SOD,43b2482586b259b2094193668820b0e2bb48c0b143f24850c45438bea0ec8a30,,,,,0,multiquery_tblastn_querybound_v2
L. plantarum,GCF_001444495.1,0,SOD,43b2482586b259b2094193668820b0e2bb48c0b143f24850c45438bea0ec8a30,,,,,0,multiquery_tblastn_querybound_v2
L. plantarum,GCF_001484005.1,0,SOD,43b2482586b259b2094193668820b0e2bb48c0b143f24850c45438bea0ec8a30,,,,,0,multiquery_tblastn_querybound_v2
L. plantarum,GCF_001540925.1,0,SOD,43b2482586b259b2094193668820b0e2bb48c0b143f24850c45438bea0ec8a30,,,,,0,multiquery_tblastn_querybound_v2
L. plantarum,GCF_001540965.1,0,SOD,43b2482586b259b2094193668820b0e2bb48c0b143f24850c45438bea0ec8a30,,,,,0,multiquery_tblastn_querybound_v2
L. plantarum,GCF_001581895.1,0,SOD,43b2482586b259b2094193668820b0e2bb48c0b143f24850c45438bea0ec8a30,,,,,0,multiquery_tblastn_querybound_v2
L. plantarum,GCF_001595615.1,0,SOD,43b2482586b259b2094193668820b0e2bb48c0b143f24850c45438bea0ec8a30,,,,,0,multiquery_tblastn_querybound_v2
L. plantarum,GCF_001596095.1,0,SOD,43b2482586b259b2094193668820b0e2bb48c0b143f24850c45438bea0ec8a30,,,,,0,multiquery_tblastn_querybound_v2
L. plantarum,GCF_001596195.1,0,SOD,43b2482586b259b2094193668820b0e2bb48c0b143f24850c45438bea0ec8a30,,,,,0,multiquery_tblastn_querybound_v2
L. plantarum,GCF_001597605.1,0,SOD,43b2482586b259b2094193668820b0e2bb48c0b143f24850c45438bea0ec8a30,,,,,0,multiquery_tblastn_querybound_v2
L. plantarum,GCF_001617525.2,0,SOD,43b2482586b259b2094193668820b0e2bb48c0b143f24850c45438bea0ec8a30,,,,,0,multiquery_tblastn_querybound_v2
L. plantarum,GCF_001619265.1,0,SOD,43b2482586b259b2094193668820b0e2bb48c0b143f24850c45438bea0ec8a30,,,,,0,multiquery_tblastn_querybound_v2
L. plantarum,GCF_009913655.1,0,SOD,43b2482586b259b2094193668820b0e2bb48c0b143f24850c45438bea0ec8a30,,,,,0,multiquery_tblastn_querybound_v2
L. plantarum,ZPZ,1,SOD,43b2482586b259b2094193668820b0e2bb48c0b143f24850c45438bea0ec8a30,,,,,0,multiquery_tblastn_querybound_v2
