species,accession,locus_tag,gene_symbol,cds_length_bp,length_mod3,non_triplet_length,internal_stop_count,has_internal_stop,canonical_start,terminal_stop
L. rhamnosus,GCF_000743075.1,P1AB6110E8_00031,recn,1704,0,False,0,False,True,True
L. rhamnosus,GCF_000743075.1,P1AB6110E8_00143,reco,816,0,False,0,False,True,True
L. rhamnosus,GCF_000743075.1,P1AB6110E8_00360,muts,1677,0,False,0,False,True,True
L. rhamnosus,GCF_000743075.1,P1AB6110E8_00455,liga,2025,0,False,0,False,True,True
L. rhamnosus,GCF_000743075.1,P1AB6110E8_00545,uvra,2895,0,False,0,False,True,True
L. rhamnosus,GCF_000743075.1,P1AB6110E8_00546,uvrb,2016,0,False,0,False,True,True
L. rhamnosus,GCF_000743075.1,P1AB6110E8_00744,muts,2583,0,False,0,False,True,True
L. rhamnosus,GCF_000743075.1,P1AB6110E8_00770,recr,600,0,False,0,False,True,True
L. rhamnosus,GCF_000743075.1,P1AB6110E8_00772,ruvb,1698,0,False,0,False,True,True
L. rhamnosus,GCF_000743075.1,P1AB6110E8_01310,uvra,2397,0,False,0,False,True,True
L. rhamnosus,GCF_000743075.1,P1AB6110E8_01622,ssb,486,0,False,0,False,True,True
L. rhamnosus,GCF_000743075.1,P1AB6110E8_01810,ruva,597,0,False,0,False,True,True
L. rhamnosus,GCF_000743075.1,P1AB6110E8_01811,ruvb,1047,0,False,0,False,True,True
L. rhamnosus,GCF_000743075.1,P1AB6110E8_02184,ssb,432,0,False,0,False,True,True
L. rhamnosus,GCF_000743075.1,P1AB6110E8_02223,uvra,2274,0,False,0,False,True,True
L. rhamnosus,GCF_000743075.1,P1AB6110E8_02747,liga,285,0,False,0,False,True,True
L. rhamnosus,GCF_000801045.1,P159FD3029_00031,liga,2025,0,False,0,False,True,True
L. rhamnosus,GCF_000801045.1,P159FD3029_00146,uvra,2895,0,False,0,False,True,True
L. rhamnosus,GCF_000801045.1,P159FD3029_00147,uvrb,2016,0,False,0,False,True,True
L. rhamnosus,GCF_000801045.1,P159FD3029_00590,recn,1704,0,False,0,False,True,True
L. rhamnosus,GCF_000801045.1,P159FD3029_00813,muts,2583,0,False,0,False,True,True
L. rhamnosus,GCF_000801045.1,P159FD3029_00842,recr,600,0,False,0,False,True,True
L. rhamnosus,GCF_000801045.1,P159FD3029_00844,ruvb,1698,0,False,0,False,True,True
L. rhamnosus,GCF_000801045.1,P159FD3029_01369,ssb,432,0,False,0,False,True,True
L. rhamnosus,GCF_000801045.1,P159FD3029_01488,ruvb,1047,0,False,0,False,True,True
L. rhamnosus,GCF_000801045.1,P159FD3029_01489,ruva,597,0,False,0,False,True,True
L. rhamnosus,GCF_000801045.1,P159FD3029_02124,uvra,2529,0,False,0,False,True,True
L. rhamnosus,GCF_000801045.1,P159FD3029_02151,muts,1677,0,False,0,False,True,True
L. rhamnosus,GCF_000801045.1,P159FD3029_02263,uvra,2274,0,False,0,False,True,True
L. rhamnosus,GCF_000801045.1,P159FD3029_02569,reco,816,0,False,0,False,True,True
L. rhamnosus,GCF_000801045.1,P159FD3029_02749,liga,285,0,False,0,False,True,True
L. rhamnosus,GCF_000814485.1,P16F326D0F_00081,recn,1704,0,False,0,False,True,True
L. rhamnosus,GCF_000814485.1,P16F326D0F_00298,muts,1677,0,False,0,False,True,True
L. rhamnosus,GCF_000814485.1,P16F326D0F_00505,uvrb,2016,0,False,0,False,True,True
L. rhamnosus,GCF_000814485.1,P16F326D0F_00506,uvra,2895,0,False,0,False,True,True
L. rhamnosus,GCF_000814485.1,P16F326D0F_00840,muts,2583,0,False,0,False,True,True
L. rhamnosus,GCF_000814485.1,P16F326D0F_00868,recr,600,0,False,0,False,True,True
L. rhamnosus,GCF_000814485.1,P16F326D0F_00871,ruvb,1257,0,False,0,False,True,True
L. rhamnosus,GCF_000814485.1,P16F326D0F_01275,uvra,2529,0,False,0,False,True,True
L. rhamnosus,GCF_000814485.1,P16F326D0F_01307,reco,816,0,False,0,False,True,True
L. rhamnosus,GCF_000814485.1,P16F326D0F_01480,uvra,2274,0,False,0,False,True,True
L. rhamnosus,GCF_000814485.1,P16F326D0F_01695,liga,2025,0,False,0,False,True,True
L. rhamnosus,GCF_000814485.1,P16F326D0F_02009,ruva,597,0,False,0,False,True,True
L. rhamnosus,GCF_000814485.1,P16F326D0F_02010,ruvb,1047,0,False,0,False,True,True
L. rhamnosus,GCF_000814485.1,P16F326D0F_02132,ssb,486,0,False,0,False,True,True
L. rhamnosus,GCF_000814485.1,P16F326D0F_02524,ssb,432,0,False,0,False,True,True
L. rhamnosus,GCF_000932035.1,P10D559847_00008,ruvb,1047,0,False,0,False,True,True
L. rhamnosus,GCF_000932035.1,P10D559847_00009,ruva,597,0,False,0,False,True,True
L. rhamnosus,GCF_000932035.1,P10D559847_00118,muts,1677,0,False,0,False,True,True
L. rhamnosus,GCF_000932035.1,P10D559847_00283,recn,1704,0,False,0,False,True,True
L. rhamnosus,GCF_000932035.1,P10D559847_00484,reco,816,0,False,0,False,True,True
L. rhamnosus,GCF_000932035.1,P10D559847_00707,uvra,2895,0,False,0,False,True,True
L. rhamnosus,GCF_000932035.1,P10D559847_00708,uvrb,2016,0,False,0,False,True,True
L. rhamnosus,GCF_000932035.1,P10D559847_00877,uvra,2274,0,False,0,False,True,True
L. rhamnosus,GCF_000932035.1,P10D559847_01678,ssb,432,0,False,0,False,True,True
L. rhamnosus,GCF_000932035.1,P10D559847_01796,uvra,2529,0,False,0,False,True,True
L. rhamnosus,GCF_000932035.1,P10D559847_02086,muts,2583,0,False,0,False,True,True
L. rhamnosus,GCF_000932035.1,P10D559847_02236,recr,600,0,False,0,False,True,True
L. rhamnosus,GCF_000932035.1,P10D559847_02238,ruvb,1698,0,False,0,False,True,True
L. rhamnosus,GCF_000932035.1,P10D559847_02283,ssb,486,0,False,0,False,True,True
L. rhamnosus,GCF_000932035.1,P10D559847_02330,liga,2025,0,False,0,False,True,True
L. rhamnosus,GCF_001005625.1,P1E1445BCF_00170,muts,2583,0,False,0,False,True,True
L. rhamnosus,GCF_001005625.1,P1E1445BCF_00196,recr,600,0,False,0,False,True,True
L. rhamnosus,GCF_001005625.1,P1E1445BCF_00198,ruvb,1698,0,False,0,False,True,True
L. rhamnosus,GCF_001005625.1,P1E1445BCF_00708,reco,816,0,False,0,False,True,True
L. rhamnosus,GCF_001005625.1,P1E1445BCF_00819,recn,1704,0,False,0,False,True,True
L. rhamnosus,GCF_001005625.1,P1E1445BCF_01308,uvra,2274,0,False,0,False,True,True
L. rhamnosus,GCF_001005625.1,P1E1445BCF_01407,ruvb,1047,0,False,0,False,True,True
L. rhamnosus,GCF_001005625.1,P1E1445BCF_01408,ruva,597,0,False,0,False,True,True
L. rhamnosus,GCF_001005625.1,P1E1445BCF_02094,uvrb,2016,0,False,0,False,True,True
L. rhamnosus,GCF_001005625.1,P1E1445BCF_02095,uvra,2895,0,False,0,False,True,True
L. rhamnosus,GCF_001005625.1,P1E1445BCF_02186,liga,2025,0,False,0,False,True,True
L. rhamnosus,GCF_001005625.1,P1E1445BCF_02235,liga,285,0,False,0,False,True,True
L. rhamnosus,GCF_001005625.1,P1E1445BCF_02421,uvra,2529,0,False,0,False,True,True
L. rhamnosus,GCF_001005625.1,P1E1445BCF_02715,ssb,432,0,False,0,False,True,True
L. rhamnosus,GCF_001044025.1,P1282E20EA_00027,ruvb,1698,0,False,0,False,True,True
L. rhamnosus,GCF_001044025.1,P1282E20EA_00029,recr,600,0,False,0,False,True,True
L. rhamnosus,GCF_001044025.1,P1282E20EA_00055,muts,2583,0,False,0,False,True,True
L. rhamnosus,GCF_001044025.1,P1282E20EA_00098,ssb,432,0,False,0,False,True,True
L. rhamnosus,GCF_001044025.1,P1282E20EA_00584,ruva,597,0,False,0,False,True,True
L. rhamnosus,GCF_001044025.1,P1282E20EA_00585,ruvb,1047,0,False,0,False,True,True
L. rhamnosus,GCF_001044025.1,P1282E20EA_00760,uvra,2529,0,False,0,False,True,True
L. rhamnosus,GCF_001044025.1,P1282E20EA_00772,muts,1677,0,False,0,False,True,True
L. rhamnosus,GCF_001044025.1,P1282E20EA_01055,uvra,2274,0,False,0,False,True,True
L. rhamnosus,GCF_001044025.1,P1282E20EA_01669,uvrb,2016,0,False,0,False,True,True
L. rhamnosus,GCF_001044025.1,P1282E20EA_01670,uvra,2895,0,False,0,False,True,True
L. rhamnosus,GCF_001044025.1,P1282E20EA_01842,reco,816,0,False,0,False,True,True
L. rhamnosus,GCF_001044025.1,P1282E20EA_01957,liga,2025,0,False,0,False,True,True
L. rhamnosus,GCF_001044025.1,P1282E20EA_02244,recn,1704,0,False,0,False,True,True
L. rhamnosus,GCF_001044025.1,P1282E20EA_02756,ssb,438,0,False,0,False,True,True
L. rhamnosus,GCF_001044415.1,P17861965B_00215,uvra,2274,0,False,0,False,True,True
L. rhamnosus,GCF_001044415.1,P17861965B_00303,muts,2583,0,False,0,False,True,True
L. rhamnosus,GCF_001044415.1,P17861965B_00329,recr,600,0,False,0,False,True,True
L. rhamnosus,GCF_001044415.1,P17861965B_00331,ruvb,1698,0,False,0,False,True,True
L. rhamnosus,GCF_001044415.1,P17861965B_00541,muts,879,0,False,0,False,True,True
L. rhamnosus,GCF_001044415.1,P17861965B_00650,ruva,597,0,False,0,False,True,True
L. rhamnosus,GCF_001044415.1,P17861965B_00651,ruvb,1047,0,False,0,False,True,True
L. rhamnosus,GCF_001044415.1,P17861965B_00823,uvra,2529,0,False,0,False,True,True
L. rhamnosus,GCF_001044415.1,P17861965B_00924,ssb,486,0,False,0,False,True,True
L. rhamnosus,GCF_001044415.1,P17861965B_01307,uvra,2895,0,False,0,False,True,True
L. rhamnosus,GCF_001044415.1,P17861965B_01308,uvrb,2016,0,False,0,False,True,True
L. rhamnosus,GCF_001044415.1,P17861965B_01626,recn,1704,0,False,0,False,True,True
L. rhamnosus,GCF_001044415.1,P17861965B_01773,liga,2025,0,False,0,False,True,True
L. rhamnosus,GCF_001044415.1,P17861965B_02201,ssb,432,0,False,0,False,True,True
L. rhamnosus,GCF_001044415.1,P17861965B_02302,reco,816,0,False,0,False,True,True
L. rhamnosus,GCF_001044415.1,P17861965B_02692,liga,285,0,False,0,False,True,True
L. rhamnosus,GCF_001062885.1,P179610789_00134,recr,600,0,False,0,False,True,True
L. rhamnosus,GCF_001062885.1,P179610789_00136,ruvb,1698,0,False,0,False,True,True
L. rhamnosus,GCF_001062885.1,P179610789_00163,ssb,432,0,False,0,False,True,True
L. rhamnosus,GCF_001062885.1,P179610789_00177,reco,816,0,False,0,False,True,True
L. rhamnosus,GCF_001062885.1,P179610789_00219,uvra,2274,0,False,0,False,True,True
L. rhamnosus,GCF_001062885.1,P179610789_00389,ruva,597,0,False,0,False,True,True
L. rhamnosus,GCF_001062885.1,P179610789_00390,ruvb,1047,0,False,0,False,True,True
L. rhamnosus,GCF_001062885.1,P179610789_00598,muts,1677,0,False,0,False,True,True
L. rhamnosus,GCF_001062885.1,P179610789_00730,liga,285,0,False,0,False,True,True
L. rhamnosus,GCF_001062885.1,P179610789_00813,liga,2025,0,False,0,False,True,True
L. rhamnosus,GCF_001062885.1,P179610789_00902,uvra,2895,0,False,0,False,True,True
L. rhamnosus,GCF_001062885.1,P179610789_00903,uvrb,2016,0,False,0,False,True,True
L. rhamnosus,GCF_001062885.1,P179610789_01254,uvra,2529,0,False,0,False,True,True
L. rhamnosus,GCF_001062885.1,P179610789_02571,muts,2583,0,False,0,False,True,True
L. rhamnosus,GCF_001062885.1,P179610789_02593,recn,1704,0,False,0,False,True,True
L. rhamnosus,GCF_001062955.1,P194D76FC1_00299,reco,816,0,False,0,False,True,True
L. rhamnosus,GCF_001062955.1,P194D76FC1_00315,ssb,438,0,False,0,False,True,True
L. rhamnosus,GCF_001062955.1,P194D76FC1_00442,ruvb,1047,0,False,0,False,True,True
L. rhamnosus,GCF_001062955.1,P194D76FC1_00443,ruva,597,0,False,0,False,True,True
L. rhamnosus,GCF_001062955.1,P194D76FC1_00649,muts,1677,0,False,0,False,True,True
L. rhamnosus,GCF_001062955.1,P194D76FC1_01120,ssb,432,0,False,0,False,True,True
L. rhamnosus,GCF_001062955.1,P194D76FC1_01136,liga,2025,0,False,0,False,True,True
L. rhamnosus,GCF_001062955.1,P194D76FC1_01471,ruvb,1698,0,False,0,False,True,True
L. rhamnosus,GCF_001062955.1,P194D76FC1_01473,recr,600,0,False,0,False,True,True
L. rhamnosus,GCF_001062955.1,P194D76FC1_01557,muts,2583,0,False,0,False,True,True
L. rhamnosus,GCF_001062955.1,P194D76FC1_01629,recn,1704,0,False,0,False,True,True
L. rhamnosus,GCF_001062955.1,P194D76FC1_01877,uvra,2529,0,False,0,False,True,True
L. rhamnosus,GCF_001062955.1,P194D76FC1_02367,uvra,2274,0,False,0,False,True,True
L. rhamnosus,GCF_001062955.1,P194D76FC1_02723,uvra,2895,0,False,0,False,True,True
L. rhamnosus,GCF_001062955.1,P194D76FC1_02724,uvrb,2016,0,False,0,False,True,True
L. rhamnosus,GCF_001063655.1,P10A93D905_00031,ruvb,1047,0,False,0,False,True,True
L. rhamnosus,GCF_001063655.1,P10A93D905_00032,ruva,597,0,False,0,False,True,True
L. rhamnosus,GCF_001063655.1,P10A93D905_00476,liga,285,0,False,0,False,True,True
L. rhamnosus,GCF_001063655.1,P10A93D905_00608,liga,2025,0,False,0,False,True,True
L. rhamnosus,GCF_001063655.1,P10A93D905_00691,ssb,432,0,False,0,False,True,True
L. rhamnosus,GCF_001063655.1,P10A93D905_01823,muts,1677,0,False,0,False,True,True
L. rhamnosus,GCF_001063655.1,P10A93D905_01883,ruvb,1698,0,False,0,False,True,True
L. rhamnosus,GCF_001063655.1,P10A93D905_01885,recr,600,0,False,0,False,True,True
L. rhamnosus,GCF_001063655.1,P10A93D905_01911,muts,2583,0,False,0,False,True,True
L. rhamnosus,GCF_001063655.1,P10A93D905_02037,ruvb,2559,0,False,0,False,True,True
L. rhamnosus,GCF_001063655.1,P10A93D905_02103,recn,1704,0,False,0,False,True,True
L. rhamnosus,GCF_001063655.1,P10A93D905_02261,uvra,2274,0,False,0,False,True,True
L. rhamnosus,GCF_001063655.1,P10A93D905_02443,uvra,2529,0,False,0,False,True,True
L. rhamnosus,GCF_001063655.1,P10A93D905_02706,reco,816,0,False,0,False,True,True
L. rhamnosus,GCF_001063655.1,P10A93D905_02801,uvra,2895,0,False,0,False,True,True
L. rhamnosus,GCF_001063655.1,P10A93D905_02802,uvrb,2016,0,False,0,False,True,True
L. rhamnosus,GCF_001064515.1,P1DA4CE057_00073,ruvb,1047,0,False,0,False,True,True
L. rhamnosus,GCF_001064515.1,P1DA4CE057_00074,ruva,597,0,False,0,False,True,True
L. rhamnosus,GCF_001064515.1,P1DA4CE057_00418,muts,2583,0,False,0,False,True,True
L. rhamnosus,GCF_001064515.1,P1DA4CE057_00685,ssb,432,0,False,0,False,True,True
L. rhamnosus,GCF_001064515.1,P1DA4CE057_00810,uvra,2529,0,False,0,False,True,True
L. rhamnosus,GCF_001064515.1,P1DA4CE057_01205,recr,600,0,False,0,False,True,True
L. rhamnosus,GCF_001064515.1,P1DA4CE057_01207,ruvb,1698,0,False,0,False,True,True
L. rhamnosus,GCF_001064515.1,P1DA4CE057_01236,muts,1677,0,False,0,False,True,True
L. rhamnosus,GCF_001064515.1,P1DA4CE057_01403,recn,1704,0,False,0,False,True,True
L. rhamnosus,GCF_001064515.1,P1DA4CE057_01582,uvra,2274,0,False,0,False,True,True
L. rhamnosus,GCF_001064515.1,P1DA4CE057_01778,ssb,486,0,False,0,False,True,True
L. rhamnosus,GCF_001064515.1,P1DA4CE057_01821,uvrb,2016,0,False,0,False,True,True
L. rhamnosus,GCF_001064515.1,P1DA4CE057_01822,uvra,2895,0,False,0,False,True,True
L. rhamnosus,GCF_001064515.1,P1DA4CE057_02160,liga,2025,0,False,0,False,True,True
L. rhamnosus,GCF_001064515.1,P1DA4CE057_02321,reco,816,0,False,0,False,True,True
L. rhamnosus,GCF_001064785.1,P1DBA768DD_00134,reco,816,0,False,0,False,True,True
L. rhamnosus,GCF_001064785.1,P1DBA768DD_00207,recn,1704,0,False,0,False,True,True
L. rhamnosus,GCF_001064785.1,P1DBA768DD_00407,uvrb,2016,0,False,0,False,True,True
L. rhamnosus,GCF_001064785.1,P1DBA768DD_00408,uvra,2895,0,False,0,False,True,True
L. rhamnosus,GCF_001064785.1,P1DBA768DD_00794,liga,2025,0,False,0,False,True,True
L. rhamnosus,GCF_001064785.1,P1DBA768DD_00822,muts,1677,0,False,0,False,True,True
L. rhamnosus,GCF_001064785.1,P1DBA768DD_01040,ssb,438,0,False,0,False,True,True
L. rhamnosus,GCF_001064785.1,P1DBA768DD_01130,ruvb,1047,0,False,0,False,True,True
L. rhamnosus,GCF_001064785.1,P1DBA768DD_01131,ruva,597,0,False,0,False,True,True
L. rhamnosus,GCF_001064785.1,P1DBA768DD_01239,ruvb,1698,0,False,0,False,True,True
L. rhamnosus,GCF_001064785.1,P1DBA768DD_01241,recr,600,0,False,0,False,True,True
L. rhamnosus,GCF_001064785.1,P1DBA768DD_01740,muts,2583,0,False,0,False,True,True
L. rhamnosus,GCF_001064785.1,P1DBA768DD_01795,uvra,2274,0,False,0,False,True,True
L. rhamnosus,GCF_001064785.1,P1DBA768DD_02241,uvra,2529,0,False,0,False,True,True
L. rhamnosus,GCF_001064785.1,P1DBA768DD_02421,ssb,384,0,False,0,False,True,True
L. rhamnosus,GCF_001065365.1,P1A53E6462_00172,ruva,597,0,False,0,False,True,True
L. rhamnosus,GCF_001065365.1,P1A53E6462_00173,ruvb,1047,0,False,0,False,True,True
L. rhamnosus,GCF_001065365.1,P1A53E6462_00405,uvra,2274,0,False,0,False,True,True
L. rhamnosus,GCF_001065365.1,P1A53E6462_00447,recn,1704,0,False,0,False,True,True
L. rhamnosus,GCF_001065365.1,P1A53E6462_00703,ssb,432,0,False,0,False,True,True
L. rhamnosus,GCF_001065365.1,P1A53E6462_01030,uvrb,2016,0,False,0,False,True,True
L. rhamnosus,GCF_001065365.1,P1A53E6462_01031,uvra,2895,0,False,0,False,True,True
L. rhamnosus,GCF_001065365.1,P1A53E6462_01123,liga,2025,0,False,0,False,True,True
L. rhamnosus,GCF_001065365.1,P1A53E6462_01295,ruvb,1698,0,False,0,False,True,True
L. rhamnosus,GCF_001065365.1,P1A53E6462_01297,recr,600,0,False,0,False,True,True
L. rhamnosus,GCF_001065365.1,P1A53E6462_01323,muts,2583,0,False,0,False,True,True
L. rhamnosus,GCF_001065365.1,P1A53E6462_02016,reco,816,0,False,0,False,True,True
L. rhamnosus,GCF_001065365.1,P1A53E6462_02427,ruvb,2559,0,False,0,False,True,True
L. rhamnosus,GCF_001065365.1,P1A53E6462_02567,uvra,2529,0,False,0,False,True,True
L. rhamnosus,GCF_001065365.1,P1A53E6462_02725,muts,1677,0,False,0,False,True,True
L. rhamnosus,GCF_001066715.1,P1533AFABF_00017,uvra,2529,0,False,0,False,True,True
L. rhamnosus,GCF_001066715.1,P1533AFABF_00152,recn,1704,0,False,0,False,True,True
L. rhamnosus,GCF_001066715.1,P1533AFABF_00357,recr,600,0,False,0,False,True,True
L. rhamnosus,GCF_001066715.1,P1533AFABF_00359,ruvb,1698,0,False,0,False,True,True
L. rhamnosus,GCF_001066715.1,P1533AFABF_00364,muts,2583,0,False,0,False,True,True
L. rhamnosus,GCF_001066715.1,P1533AFABF_00954,reco,816,0,False,0,False,True,True
L. rhamnosus,GCF_001066715.1,P1533AFABF_01238,ssb,384,0,False,0,False,True,True
L. rhamnosus,GCF_001066715.1,P1533AFABF_01266,uvrb,2016,0,False,0,False,True,True
L. rhamnosus,GCF_001066715.1,P1533AFABF_01267,uvra,2895,0,False,0,False,True,True
L. rhamnosus,GCF_001066715.1,P1533AFABF_01565,ruvb,1047,0,False,0,False,True,True
L. rhamnosus,GCF_001066715.1,P1533AFABF_01566,ruva,597,0,False,0,False,True,True
L. rhamnosus,GCF_001066715.1,P1533AFABF_01652,uvra,2274,0,False,0,False,True,True
L. rhamnosus,GCF_001066715.1,P1533AFABF_02411,liga,2025,0,False,0,False,True,True
L. rhamnosus,GCF_001066715.1,P1533AFABF_02555,muts,1677,0,False,0,False,True,True
L. rhamnosus,GCF_001066715.1,P1533AFABF_02647,ruvb,2559,0,False,0,False,True,True
L. rhamnosus,GCF_001066975.1,P1D59ECC33_00022,reco,816,0,False,0,False,True,True
L. rhamnosus,GCF_001066975.1,P1D59ECC33_00134,liga,285,0,False,0,False,True,True
L. rhamnosus,GCF_001066975.1,P1D59ECC33_00150,muts,1677,0,False,0,False,True,True
L. rhamnosus,GCF_001066975.1,P1D59ECC33_00277,uvra,2529,0,False,0,False,True,True
L. rhamnosus,GCF_001066975.1,P1D59ECC33_00536,muts,2583,0,False,0,False,True,True
L. rhamnosus,GCF_001066975.1,P1D59ECC33_00562,recr,600,0,False,0,False,True,True
L. rhamnosus,GCF_001066975.1,P1D59ECC33_00564,ruvb,1698,0,False,0,False,True,True
L. rhamnosus,GCF_001066975.1,P1D59ECC33_00605,uvra,2274,0,False,0,False,True,True
L. rhamnosus,GCF_001066975.1,P1D59ECC33_01127,uvra,2895,0,False,0,False,True,True
L. rhamnosus,GCF_001066975.1,P1D59ECC33_01128,uvrb,2016,0,False,0,False,True,True
L. rhamnosus,GCF_001066975.1,P1D59ECC33_01236,ruvb,1047,0,False,0,False,True,True
L. rhamnosus,GCF_001066975.1,P1D59ECC33_01237,ruva,597,0,False,0,False,True,True
L. rhamnosus,GCF_001066975.1,P1D59ECC33_02127,liga,2025,0,False,0,False,True,True
L. rhamnosus,GCF_001066975.1,P1D59ECC33_02630,recn,1704,0,False,0,False,True,True
L. rhamnosus,GCF_001066975.1,P1D59ECC33_02752,ssb,384,0,False,0,False,True,True
L. rhamnosus,GCF_001067025.1,P15A3E6823_00443,uvra,402,0,False,0,False,True,True
L. rhamnosus,GCF_001067025.1,P15A3E6823_00447,liga,2025,0,False,0,False,True,True
L. rhamnosus,GCF_001067025.1,P15A3E6823_00492,recn,1704,0,False,0,False,True,True
L. rhamnosus,GCF_001067025.1,P15A3E6823_00895,reco,816,0,False,0,False,True,True
L. rhamnosus,GCF_001067025.1,P15A3E6823_01006,ruvb,1698,0,False,0,False,True,True
L. rhamnosus,GCF_001067025.1,P15A3E6823_01008,recr,600,0,False,0,False,True,True
L. rhamnosus,GCF_001067025.1,P15A3E6823_01092,muts,2583,0,False,0,False,True,True
L. rhamnosus,GCF_001067025.1,P15A3E6823_01705,uvra,2529,0,False,0,False,True,True
L. rhamnosus,GCF_001067025.1,P15A3E6823_01739,ruvb,1047,0,False,0,False,True,True
L. rhamnosus,GCF_001067025.1,P15A3E6823_01740,ruva,597,0,False,0,False,True,True
L. rhamnosus,GCF_001067025.1,P15A3E6823_01770,ssb,384,0,False,0,False,True,True
L. rhamnosus,GCF_001067025.1,P15A3E6823_02334,uvrb,2016,0,False,0,False,True,True
L. rhamnosus,GCF_001067025.1,P15A3E6823_02335,uvra,2895,0,False,0,False,True,True
L. rhamnosus,GCF_001067025.1,P15A3E6823_02505,liga,285,0,False,0,False,True,True
L. rhamnosus,GCF_001067025.1,P15A3E6823_02692,muts,1677,0,False,0,False,True,True
L. rhamnosus,GCF_001067215.1,P1601BE6BB_00344,uvra,2529,0,False,0,False,True,True
L. rhamnosus,GCF_001067215.1,P1601BE6BB_00608,muts,2583,0,False,0,False,True,True
L. rhamnosus,GCF_001067215.1,P1601BE6BB_00732,muts,1677,0,False,0,False,True,True
L. rhamnosus,GCF_001067215.1,P1601BE6BB_00793,ruva,597,0,False,0,False,True,True
L. rhamnosus,GCF_001067215.1,P1601BE6BB_00794,ruvb,1047,0,False,0,False,True,True
L. rhamnosus,GCF_001067215.1,P1601BE6BB_00825,reco,816,0,False,0,False,True,True
L. rhamnosus,GCF_001067215.1,P1601BE6BB_01046,liga,2025,0,False,0,False,True,True
L. rhamnosus,GCF_001067215.1,P1601BE6BB_01249,ssb,384,0,False,0,False,True,True
L. rhamnosus,GCF_001067215.1,P1601BE6BB_01558,ruvb,2559,0,False,0,False,True,True
L. rhamnosus,GCF_001067215.1,P1601BE6BB_01624,recn,1704,0,False,0,False,True,True
L. rhamnosus,GCF_001067215.1,P1601BE6BB_02197,uvrb,2016,0,False,0,False,True,True
L. rhamnosus,GCF_001067215.1,P1601BE6BB_02198,uvra,2895,0,False,0,False,True,True
L. rhamnosus,GCF_001067215.1,P1601BE6BB_02388,ruvb,1698,0,False,0,False,True,True
L. rhamnosus,GCF_001067215.1,P1601BE6BB_02390,recr,600,0,False,0,False,True,True
L. rhamnosus,GCF_001067215.1,P1601BE6BB_02683,uvra,2274,0,False,0,False,True,True
L. rhamnosus,GCF_001067335.1,P1BE2BE006_00104,ssb,486,0,False,0,False,True,True
L. rhamnosus,GCF_001067335.1,P1BE2BE006_00352,uvra,2529,0,False,0,False,True,True
L. rhamnosus,GCF_001067335.1,P1BE2BE006_00417,liga,2025,0,False,0,False,True,True
L. rhamnosus,GCF_001067335.1,P1BE2BE006_00851,muts,2583,0,False,0,False,True,True
L. rhamnosus,GCF_001067335.1,P1BE2BE006_01081,muts,1677,0,False,0,False,True,True
L. rhamnosus,GCF_001067335.1,P1BE2BE006_01456,ruva,597,0,False,0,False,True,True
L. rhamnosus,GCF_001067335.1,P1BE2BE006_01457,ruvb,1047,0,False,0,False,True,True
L. rhamnosus,GCF_001067335.1,P1BE2BE006_01624,uvra,2274,0,False,0,False,True,True
L. rhamnosus,GCF_001067335.1,P1BE2BE006_01751,uvrb,2016,0,False,0,False,True,True
L. rhamnosus,GCF_001067335.1,P1BE2BE006_01752,uvra,2895,0,False,0,False,True,True
L. rhamnosus,GCF_001067335.1,P1BE2BE006_02291,ssb,432,0,False,0,False,True,True
L. rhamnosus,GCF_001067335.1,P1BE2BE006_02380,recr,600,0,False,0,False,True,True
L. rhamnosus,GCF_001067335.1,P1BE2BE006_02382,ruvb,1698,0,False,0,False,True,True
L. rhamnosus,GCF_001067335.1,P1BE2BE006_02546,recn,1704,0,False,0,False,True,True
L. rhamnosus,GCF_001067335.1,P1BE2BE006_02755,reco,816,0,False,0,False,True,True
L. rhamnosus,GCF_001067625.1,P147A27C4F_00066,reco,816,0,False,0,False,True,True
L. rhamnosus,GCF_001067625.1,P147A27C4F_00615,recn,1704,0,False,0,False,True,True
L. rhamnosus,GCF_001067625.1,P147A27C4F_00717,liga,2025,0,False,0,False,True,True
L. rhamnosus,GCF_001067625.1,P147A27C4F_00974,ssb,432,0,False,0,False,True,True
L. rhamnosus,GCF_001067625.1,P147A27C4F_01028,uvra,2274,0,False,0,False,True,True
L. rhamnosus,GCF_001067625.1,P147A27C4F_01117,muts,2583,0,False,0,False,True,True
L. rhamnosus,GCF_001067625.1,P147A27C4F_01277,ruvb,1047,0,False,0,False,True,True
L. rhamnosus,GCF_001067625.1,P147A27C4F_01278,ruva,597,0,False,0,False,True,True
L. rhamnosus,GCF_001067625.1,P147A27C4F_01481,muts,1677,0,False,0,False,True,True
L. rhamnosus,GCF_001067625.1,P147A27C4F_01598,ssb,486,0,False,0,False,True,True
L. rhamnosus,GCF_001067625.1,P147A27C4F_02138,ruvb,1698,0,False,0,False,True,True
L. rhamnosus,GCF_001067625.1,P147A27C4F_02140,recr,600,0,False,0,False,True,True
L. rhamnosus,GCF_001067625.1,P147A27C4F_02152,liga,285,0,False,0,False,True,True
L. rhamnosus,GCF_001067625.1,P147A27C4F_02464,uvrb,2016,0,False,0,False,True,True
L. rhamnosus,GCF_001067625.1,P147A27C4F_02465,uvra,2895,0,False,0,False,True,True
L. rhamnosus,GCF_001067625.1,P147A27C4F_02525,uvra,2529,0,False,0,False,True,True
L. rhamnosus,GCF_001067885.1,P151F474FB_00139,ssb,438,0,False,0,False,True,True
L. rhamnosus,GCF_001067885.1,P151F474FB_00193,reco,816,0,False,0,False,True,True
L. rhamnosus,GCF_001067885.1,P151F474FB_00222,liga,285,0,False,0,False,True,True
L. rhamnosus,GCF_001067885.1,P151F474FB_00769,recr,600,0,False,0,False,True,True
L. rhamnosus,GCF_001067885.1,P151F474FB_00771,ruvb,1698,0,False,0,False,True,True
L. rhamnosus,GCF_001067885.1,P151F474FB_00815,uvra,2895,0,False,0,False,True,True
L. rhamnosus,GCF_001067885.1,P151F474FB_00816,uvrb,2016,0,False,0,False,True,True
L. rhamnosus,GCF_001067885.1,P151F474FB_00838,muts,1677,0,False,0,False,True,True
L. rhamnosus,GCF_001067885.1,P151F474FB_00897,uvra,2529,0,False,0,False,True,True
L. rhamnosus,GCF_001067885.1,P151F474FB_00920,ruvb,1047,0,False,0,False,True,True
L. rhamnosus,GCF_001067885.1,P151F474FB_00921,ruva,597,0,False,0,False,True,True
L. rhamnosus,GCF_001067885.1,P151F474FB_00963,recn,1704,0,False,0,False,True,True
L. rhamnosus,GCF_001067885.1,P151F474FB_01106,uvra,2274,0,False,0,False,True,True
L. rhamnosus,GCF_001067885.1,P151F474FB_01431,ruvb,2559,0,False,0,False,True,True
L. rhamnosus,GCF_001067885.1,P151F474FB_02138,ssb,384,0,False,0,False,True,True
L. rhamnosus,GCF_001067885.1,P151F474FB_02428,muts,2583,0,False,0,False,True,True
L. rhamnosus,GCF_001067885.1,P151F474FB_02478,liga,2025,0,False,0,False,True,True
L. rhamnosus,GCF_001068015.1,P1B19F2376_00108,ruvb,1047,0,False,0,False,True,True
L. rhamnosus,GCF_001068015.1,P1B19F2376_00109,ruva,597,0,False,0,False,True,True
L. rhamnosus,GCF_001068015.1,P1B19F2376_00152,liga,2025,0,False,0,False,True,True
L. rhamnosus,GCF_001068015.1,P1B19F2376_00422,uvra,2895,0,False,0,False,True,True
L. rhamnosus,GCF_001068015.1,P1B19F2376_00423,uvrb,2016,0,False,0,False,True,True
L. rhamnosus,GCF_001068015.1,P1B19F2376_00803,uvra,2274,0,False,0,False,True,True
L. rhamnosus,GCF_001068015.1,P1B19F2376_01088,liga,285,0,False,0,False,True,True
L. rhamnosus,GCF_001068015.1,P1B19F2376_01617,recn,1704,0,False,0,False,True,True
L. rhamnosus,GCF_001068015.1,P1B19F2376_01701,ssb,432,0,False,0,False,True,True
L. rhamnosus,GCF_001068015.1,P1B19F2376_01810,reco,816,0,False,0,False,True,True
L. rhamnosus,GCF_001068015.1,P1B19F2376_02550,uvra,2529,0,False,0,False,True,True
L. rhamnosus,GCF_001068015.1,P1B19F2376_02632,recr,600,0,False,0,False,True,True
L. rhamnosus,GCF_001068015.1,P1B19F2376_02634,ruvb,1698,0,False,0,False,True,True
L. rhamnosus,GCF_001068015.1,P1B19F2376_02750,muts,2583,0,False,0,False,True,True
L. rhamnosus,GCF_001068015.1,P1B19F2376_02779,muts,1677,0,False,0,False,True,True
L. rhamnosus,GCF_001068045.1,P111B83C9A_00316,uvra,2529,0,False,0,False,True,True
L. rhamnosus,GCF_001068045.1,P111B83C9A_00654,reco,816,0,False,0,False,True,True
L. rhamnosus,GCF_001068045.1,P111B83C9A_01062,ruva,597,0,False,0,False,True,True
L. rhamnosus,GCF_001068045.1,P111B83C9A_01063,ruvb,1047,0,False,0,False,True,True
L. rhamnosus,GCF_001068045.1,P111B83C9A_01210,liga,2025,0,False,0,False,True,True
L. rhamnosus,GCF_001068045.1,P111B83C9A_01343,recr,600,0,False,0,False,True,True
L. rhamnosus,GCF_001068045.1,P111B83C9A_01345,ruvb,1698,0,False,0,False,True,True
L. rhamnosus,GCF_001068045.1,P111B83C9A_01389,uvra,2895,0,False,0,False,True,True
L. rhamnosus,GCF_001068045.1,P111B83C9A_01390,uvrb,2016,0,False,0,False,True,True
L. rhamnosus,GCF_001068045.1,P111B83C9A_01520,recn,1704,0,False,0,False,True,True
L. rhamnosus,GCF_001068045.1,P111B83C9A_01586,ruvb,2559,0,False,0,False,True,True
L. rhamnosus,GCF_001068045.1,P111B83C9A_01749,ssb,384,0,False,0,False,True,True
L. rhamnosus,GCF_001068045.1,P111B83C9A_02249,muts,2583,0,False,0,False,True,True
L. rhamnosus,GCF_001068045.1,P111B83C9A_02625,muts,1677,0,False,0,False,True,True
L. rhamnosus,GCF_001068045.1,P111B83C9A_02808,uvra,2274,0,False,0,False,True,True
L. rhamnosus,GCF_001068195.1,P1D77051E1_00492,uvra,2529,0,False,0,False,True,True
L. rhamnosus,GCF_001068195.1,P1D77051E1_00585,reco,816,0,False,0,False,True,True
L. rhamnosus,GCF_001068195.1,P1D77051E1_00691,ruvb,2559,0,False,0,False,True,True
L. rhamnosus,GCF_001068195.1,P1D77051E1_00866,muts,2583,0,False,0,False,True,True
L. rhamnosus,GCF_001068195.1,P1D77051E1_01093,muts,1677,0,False,0,False,True,True
L. rhamnosus,GCF_001068195.1,P1D77051E1_01225,ruvb,1698,0,False,0,False,True,True
L. rhamnosus,GCF_001068195.1,P1D77051E1_01227,recr,600,0,False,0,False,True,True
L. rhamnosus,GCF_001068195.1,P1D77051E1_01240,ruva,597,0,False,0,False,True,True
L. rhamnosus,GCF_001068195.1,P1D77051E1_01241,ruvb,1047,0,False,0,False,True,True
L. rhamnosus,GCF_001068195.1,P1D77051E1_01580,ssb,384,0,False,0,False,True,True
L. rhamnosus,GCF_001068195.1,P1D77051E1_01619,uvra,2274,0,False,0,False,True,True
L. rhamnosus,GCF_001068195.1,P1D77051E1_01640,recn,1704,0,False,0,False,True,True
L. rhamnosus,GCF_001068195.1,P1D77051E1_02209,uvra,2895,0,False,0,False,True,True
L. rhamnosus,GCF_001068195.1,P1D77051E1_02210,uvrb,2016,0,False,0,False,True,True
L. rhamnosus,GCF_001068195.1,P1D77051E1_02450,liga,2025,0,False,0,False,True,True
L. rhamnosus,GCF_001068195.1,P1D77051E1_02726,liga,285,0,False,0,False,True,True
L. rhamnosus,GCF_001068215.1,P19F238945_00326,uvra,2529,0,False,0,False,True,True
L. rhamnosus,GCF_001068215.1,P19F238945_00443,ruvb,1698,0,False,0,False,True,True
L. rhamnosus,GCF_001068215.1,P19F238945_00445,recr,600,0,False,0,False,True,True
L. rhamnosus,GCF_001068215.1,P19F238945_00648,recn,1704,0,False,0,False,True,True
L. rhamnosus,GCF_001068215.1,P19F238945_00789,uvra,2274,0,False,0,False,True,True
L. rhamnosus,GCF_001068215.1,P19F238945_01287,ssb,432,0,False,0,False,True,True
L. rhamnosus,GCF_001068215.1,P19F238945_01289,ssb,591,0,False,0,False,True,True
L. rhamnosus,GCF_001068215.1,P19F238945_01509,reco,816,0,False,0,False,True,True
L. rhamnosus,GCF_001068215.1,P19F238945_01800,ruva,597,0,False,0,False,True,True
L. rhamnosus,GCF_001068215.1,P19F238945_01801,ruvb,1047,0,False,0,False,True,True
L. rhamnosus,GCF_001068215.1,P19F238945_02008,muts,2583,0,False,0,False,True,True
L. rhamnosus,GCF_001068215.1,P19F238945_02125,muts,1677,0,False,0,False,True,True
L. rhamnosus,GCF_001068215.1,P19F238945_02137,liga,2025,0,False,0,False,True,True
L. rhamnosus,GCF_001068215.1,P19F238945_02384,uvra,2895,0,False,0,False,True,True
L. rhamnosus,GCF_001068215.1,P19F238945_02385,uvrb,2016,0,False,0,False,True,True
L. rhamnosus,GCF_001368735.1,P154B398B8_00090,ruvb,1047,0,False,0,False,True,True
L. rhamnosus,GCF_001368735.1,P154B398B8_00091,ruva,597,0,False,0,False,True,True
L. rhamnosus,GCF_001368735.1,P154B398B8_00202,muts,1677,0,False,0,False,True,True
L. rhamnosus,GCF_001368735.1,P154B398B8_00786,ssb,432,0,False,0,False,True,True
L. rhamnosus,GCF_001368735.1,P154B398B8_01083,uvra,2529,0,False,0,False,True,True
L. rhamnosus,GCF_001368735.1,P154B398B8_01426,ruvb,1305,0,False,0,False,True,True
L. rhamnosus,GCF_001368735.1,P154B398B8_01429,recr,600,0,False,0,False,True,True
L. rhamnosus,GCF_001368735.1,P154B398B8_01455,muts,2583,0,False,0,False,True,True
L. rhamnosus,GCF_001368735.1,P154B398B8_01987,recn,1704,0,False,0,False,True,True
L. rhamnosus,GCF_001368735.1,P154B398B8_02108,reco,816,0,False,0,False,True,True
L. rhamnosus,GCF_001368735.1,P154B398B8_02316,uvra,2274,0,False,0,False,True,True
L. rhamnosus,GCF_001368735.1,P154B398B8_02593,liga,2025,0,False,0,False,True,True
L. rhamnosus,GCF_001368735.1,P154B398B8_02706,uvra,2895,0,False,0,False,True,True
L. rhamnosus,GCF_001368735.1,P154B398B8_02707,uvrb,2016,0,False,0,False,True,True
L. rhamnosus,GCF_001368735.1,P154B398B8_02831,ssb,438,0,False,0,False,True,True
L. rhamnosus,GCF_001590655.1,P13219A3CF_00406,muts,1677,0,False,0,False,True,True
L. rhamnosus,GCF_001590655.1,P13219A3CF_00516,ruva,597,0,False,0,False,True,True
L. rhamnosus,GCF_001590655.1,P13219A3CF_00517,ruvb,1047,0,False,0,False,True,True
L. rhamnosus,GCF_001590655.1,P13219A3CF_00694,uvrb,2016,0,False,0,False,True,True
L. rhamnosus,GCF_001590655.1,P13219A3CF_00695,uvra,2895,0,False,0,False,True,True
L. rhamnosus,GCF_001590655.1,P13219A3CF_00808,liga,2025,0,False,0,False,True,True
L. rhamnosus,GCF_001590655.1,P13219A3CF_01030,uvra,2274,0,False,0,False,True,True
L. rhamnosus,GCF_001590655.1,P13219A3CF_01238,reco,816,0,False,0,False,True,True
L. rhamnosus,GCF_001590655.1,P13219A3CF_01358,recn,1704,0,False,0,False,True,True
L. rhamnosus,GCF_001590655.1,P13219A3CF_01424,ruvb,2559,0,False,0,False,True,True
L. rhamnosus,GCF_001590655.1,P13219A3CF_01897,muts,2583,0,False,0,False,True,True
L. rhamnosus,GCF_001590655.1,P13219A3CF_01923,recr,600,0,False,0,False,True,True
L. rhamnosus,GCF_001590655.1,P13219A3CF_01925,ruvb,1698,0,False,0,False,True,True
L. rhamnosus,GCF_001590655.1,P13219A3CF_02271,uvra,2529,0,False,0,False,True,True
L. rhamnosus,GCF_001590655.1,P13219A3CF_02564,ssb,432,0,False,0,False,True,True
L. rhamnosus,GCF_001645615.1,P1FA483F68_00301,uvra,2895,0,False,0,False,True,True
L. rhamnosus,GCF_001645615.1,P1FA483F68_00302,uvrb,2016,0,False,0,False,True,True
L. rhamnosus,GCF_001645615.1,P1FA483F68_00688,muts,1677,0,False,0,False,True,True
L. rhamnosus,GCF_001645615.1,P1FA483F68_00864,recn,1704,0,False,0,False,True,True
L. rhamnosus,GCF_001645615.1,P1FA483F68_01011,reco,816,0,False,0,False,True,True
L. rhamnosus,GCF_001645615.1,P1FA483F68_01226,ruvb,1047,0,False,0,False,True,True
L. rhamnosus,GCF_001645615.1,P1FA483F68_01227,ruva,597,0,False,0,False,True,True
L. rhamnosus,GCF_001645615.1,P1FA483F68_01474,uvra,2529,0,False,0,False,True,True
L. rhamnosus,GCF_001645615.1,P1FA483F68_01532,uvra,2274,0,False,0,False,True,True
L. rhamnosus,GCF_001645615.1,P1FA483F68_01804,muts,1164,0,False,0,False,True,True
L. rhamnosus,GCF_001645615.1,P1FA483F68_01887,ssb,486,0,False,0,False,True,True
L. rhamnosus,GCF_001645615.1,P1FA483F68_02130,liga,2025,0,False,0,False,True,True
L. rhamnosus,GCF_001645615.1,P1FA483F68_02368,ruvb,1698,0,False,0,False,True,True
L. rhamnosus,GCF_001645615.1,P1FA483F68_02370,recr,600,0,False,0,False,True,True
L. rhamnosus,GCF_001645615.1,P1FA483F68_02397,muts,2583,0,False,0,False,True,True
L. rhamnosus,GCF_001645615.1,P1FA483F68_02612,ssb,432,0,False,0,False,True,True
L. rhamnosus,GCF_001656535.1,P140B7C728_00198,ssb,486,0,False,0,False,True,True
L. rhamnosus,GCF_001656535.1,P140B7C728_00781,uvra,2895,0,False,0,False,True,True
L. rhamnosus,GCF_001656535.1,P140B7C728_00782,uvrb,2016,0,False,0,False,True,True
L. rhamnosus,GCF_001656535.1,P140B7C728_00895,muts,2583,0,False,0,False,True,True
L. rhamnosus,GCF_001656535.1,P140B7C728_00921,recr,600,0,False,0,False,True,True
L. rhamnosus,GCF_001656535.1,P140B7C728_00924,ruvb,1305,0,False,0,False,True,True
L. rhamnosus,GCF_001656535.1,P140B7C728_01127,ruva,597,0,False,0,False,True,True
L. rhamnosus,GCF_001656535.1,P140B7C728_01128,ruvb,1047,0,False,0,False,True,True
L. rhamnosus,GCF_001656535.1,P140B7C728_01233,recn,1704,0,False,0,False,True,True
L. rhamnosus,GCF_001656535.1,P140B7C728_01372,ssb,432,0,False,0,False,True,True
L. rhamnosus,GCF_001656535.1,P140B7C728_01391,liga,2025,0,False,0,False,True,True
L. rhamnosus,GCF_001656535.1,P140B7C728_01568,muts,879,0,False,0,False,True,True
L. rhamnosus,GCF_001656535.1,P140B7C728_01769,uvra,2529,0,False,0,False,True,True
L. rhamnosus,GCF_001656535.1,P140B7C728_02370,reco,816,0,False,0,False,True,True
L. rhamnosus,GCF_001656535.1,P140B7C728_02646,uvra,2274,0,False,0,False,True,True
L. rhamnosus,GCF_001656545.1,P161202A4A_00053,ssb,486,0,False,0,False,True,True
L. rhamnosus,GCF_001656545.1,P161202A4A_00453,uvra,2529,0,False,0,False,True,True
L. rhamnosus,GCF_001656545.1,P161202A4A_00583,ruvb,1698,0,False,0,False,True,True
L. rhamnosus,GCF_001656545.1,P161202A4A_00585,recr,600,0,False,0,False,True,True
L. rhamnosus,GCF_001656545.1,P161202A4A_00611,muts,2583,0,False,0,False,True,True
L. rhamnosus,GCF_001656545.1,P161202A4A_00693,uvra,2895,0,False,0,False,True,True
L. rhamnosus,GCF_001656545.1,P161202A4A_00694,uvrb,2016,0,False,0,False,True,True
L. rhamnosus,GCF_001656545.1,P161202A4A_00884,muts,879,0,False,0,False,True,True
L. rhamnosus,GCF_001656545.1,P161202A4A_01019,recn,1704,0,False,0,False,True,True
L. rhamnosus,GCF_001656545.1,P161202A4A_01430,ruva,597,0,False,0,False,True,True
L. rhamnosus,GCF_001656545.1,P161202A4A_01431,ruvb,1047,0,False,0,False,True,True
L. rhamnosus,GCF_001656545.1,P161202A4A_01478,liga,2025,0,False,0,False,True,True
L. rhamnosus,GCF_001656545.1,P161202A4A_01971,ssb,432,0,False,0,False,True,True
L. rhamnosus,GCF_001656545.1,P161202A4A_02290,liga,285,0,False,0,False,True,True
L. rhamnosus,GCF_001656545.1,P161202A4A_02369,reco,816,0,False,0,False,True,True
L. rhamnosus,GCF_001656545.1,P161202A4A_02588,uvra,2274,0,False,0,False,True,True
L. rhamnosus,GCF_900636965.1,P1439660B3_00015,ssb,432,0,False,0,False,True,True
L. rhamnosus,GCF_900636965.1,P1439660B3_00604,muts,1677,0,False,0,False,True,True
L. rhamnosus,GCF_900636965.1,P1439660B3_00716,ruva,597,0,False,0,False,True,True
L. rhamnosus,GCF_900636965.1,P1439660B3_00717,ruvb,1047,0,False,0,False,True,True
L. rhamnosus,GCF_900636965.1,P1439660B3_00953,uvrb,2016,0,False,0,False,True,True
L. rhamnosus,GCF_900636965.1,P1439660B3_00954,uvra,2895,0,False,0,False,True,True
L. rhamnosus,GCF_900636965.1,P1439660B3_01067,liga,2025,0,False,0,False,True,True
L. rhamnosus,GCF_900636965.1,P1439660B3_01291,uvra,2274,0,False,0,False,True,True
L. rhamnosus,GCF_900636965.1,P1439660B3_01501,reco,816,0,False,0,False,True,True
L. rhamnosus,GCF_900636965.1,P1439660B3_01621,recn,1704,0,False,0,False,True,True
L. rhamnosus,GCF_900636965.1,P1439660B3_01687,ruvb,2559,0,False,0,False,True,True
L. rhamnosus,GCF_900636965.1,P1439660B3_02164,muts,2583,0,False,0,False,True,True
L. rhamnosus,GCF_900636965.1,P1439660B3_02190,recr,600,0,False,0,False,True,True
L. rhamnosus,GCF_900636965.1,P1439660B3_02192,ruvb,1698,0,False,0,False,True,True
L. rhamnosus,GCF_900636965.1,P1439660B3_02542,uvra,2529,0,False,0,False,True,True
L. rhamnosus,Vahe,P128F6B855_00049,muts,1677,0,False,0,False,True,True
L. rhamnosus,Vahe,P128F6B855_00160,ruva,597,0,False,0,False,True,True
L. rhamnosus,Vahe,P128F6B855_00161,ruvb,1047,0,False,0,False,True,True
L. rhamnosus,Vahe,P128F6B855_00220,uvrb,2016,0,False,0,False,True,True
L. rhamnosus,Vahe,P128F6B855_00221,uvra,2895,0,False,0,False,True,True
L. rhamnosus,Vahe,P128F6B855_00340,liga,1938,0,False,0,False,True,True
L. rhamnosus,Vahe,P128F6B855_00476,uvra,2274,0,False,0,False,True,True
L. rhamnosus,Vahe,P128F6B855_00746,recn,1704,0,False,0,False,True,True
L. rhamnosus,Vahe,P128F6B855_00966,ssb,432,0,False,0,False,True,True
L. rhamnosus,Vahe,P128F6B855_01299,reco,816,0,False,0,False,True,True
L. rhamnosus,Vahe,P128F6B855_02175,ruvb,1698,0,False,0,False,True,True
L. rhamnosus,Vahe,P128F6B855_02177,recr,600,0,False,0,False,True,True
L. rhamnosus,Vahe,P128F6B855_02206,muts,2583,0,False,0,False,True,True
L. rhamnosus,Vahe,P128F6B855_02556,uvra,2529,0,False,0,False,True,True
L. delbrueckii,GCF_000056065.1,P1C9D0E2BB_00008,ssb,576,0,False,0,False,True,True
L. delbrueckii,GCF_000056065.1,P1C9D0E2BB_00038,uvrb,2766,0,False,0,False,True,True
L. delbrueckii,GCF_000056065.1,P1C9D0E2BB_00419,liga,2016,0,False,0,False,True,True
L. delbrueckii,GCF_000056065.1,P1C9D0E2BB_00561,uvrb,2043,0,False,0,False,True,True
L. delbrueckii,GCF_000056065.1,P1C9D0E2BB_00562,uvra,2856,0,False,0,False,True,True
L. delbrueckii,GCF_000056065.1,P1C9D0E2BB_01128,reco,750,0,False,0,False,True,True
L. delbrueckii,GCF_000056065.1,P1C9D0E2BB_01286,recn,1689,0,False,0,False,True,True
L. delbrueckii,GCF_000056065.1,P1C9D0E2BB_01467,ruvb,1011,0,False,0,False,True,True
L. delbrueckii,GCF_000056065.1,P1C9D0E2BB_01468,ruva,594,0,False,0,False,True,True
L. delbrueckii,GCF_000056065.1,P1C9D0E2BB_01470,muts,2571,0,False,0,False,True,True
L. delbrueckii,GCF_000056065.1,P1C9D0E2BB_01487,recr,600,0,False,0,False,True,True
L. delbrueckii,GCF_000056065.1,P1C9D0E2BB_01489,ruvb,1824,0,False,0,False,True,True
L. delbrueckii,GCF_002847905.1,P1199DA56E_00047,uvra,2859,0,False,0,False,True,True
L. delbrueckii,GCF_002847905.1,P1199DA56E_00048,uvrb,2043,0,False,0,False,True,True
L. delbrueckii,GCF_002847905.1,P1199DA56E_00524,reco,750,0,False,0,False,True,True
L. delbrueckii,GCF_002847905.1,P1199DA56E_00559,ssb,579,0,False,0,False,True,True
L. delbrueckii,GCF_002847905.1,P1199DA56E_00578,uvrb,2766,0,False,0,False,True,True
L. delbrueckii,GCF_002847905.1,P1199DA56E_00701,recn,1689,0,False,0,False,True,True
L. delbrueckii,GCF_002847905.1,P1199DA56E_01110,ruvb,1824,0,False,0,False,True,True
L. delbrueckii,GCF_002847905.1,P1199DA56E_01112,recr,600,0,False,0,False,True,True
L. delbrueckii,GCF_002847905.1,P1199DA56E_01128,muts,2571,0,False,0,False,True,True
L. delbrueckii,GCF_002847905.1,P1199DA56E_01130,ruva,594,0,False,0,False,True,True
L. delbrueckii,GCF_002847905.1,P1199DA56E_01131,ruvb,1011,0,False,0,False,True,True
L. delbrueckii,GCF_002847905.1,P1199DA56E_01828,liga,2016,0,False,0,False,True,True
L. delbrueckii,GCF_003545935.1,P180F2F41B_00064,reco,750,0,False,0,False,True,True
L. delbrueckii,GCF_003545935.1,P180F2F41B_00303,uvrb,2766,0,False,0,False,True,True
L. delbrueckii,GCF_003545935.1,P180F2F41B_00490,uvra,2856,0,False,0,False,True,True
L. delbrueckii,GCF_003545935.1,P180F2F41B_00491,uvrb,2043,0,False,0,False,True,True
L. delbrueckii,GCF_003545935.1,P180F2F41B_00632,liga,2016,0,False,0,False,True,True
L. delbrueckii,GCF_003545935.1,P180F2F41B_01006,recn,1689,0,False,0,False,True,True
L. delbrueckii,GCF_003545935.1,P180F2F41B_01378,ruvb,1824,0,False,0,False,True,True
L. delbrueckii,GCF_003545935.1,P180F2F41B_01380,recr,600,0,False,0,False,True,True
L. delbrueckii,GCF_003545935.1,P180F2F41B_01398,muts,2571,0,False,0,False,True,True
L. delbrueckii,GCF_003545935.1,P180F2F41B_01400,ruva,594,0,False,0,False,True,True
L. delbrueckii,GCF_003545935.1,P180F2F41B_01401,ruvb,1011,0,False,0,False,True,True
L. delbrueckii,GCF_003545935.1,P180F2F41B_01711,ssb,576,0,False,0,False,True,True
L. delbrueckii,GCF_004211505.1,P1E320B92A_00220,liga,2016,0,False,0,False,True,True
L. delbrueckii,GCF_004211505.1,P1E320B92A_00365,uvrb,2043,0,False,0,False,True,True
L. delbrueckii,GCF_004211505.1,P1E320B92A_00366,uvra,2859,0,False,0,False,True,True
L. delbrueckii,GCF_004211505.1,P1E320B92A_00799,uvrb,2766,0,False,0,False,True,True
L. delbrueckii,GCF_004211505.1,P1E320B92A_00924,reco,750,0,False,0,False,True,True
L. delbrueckii,GCF_004211505.1,P1E320B92A_01061,recn,1689,0,False,0,False,True,True
L. delbrueckii,GCF_004211505.1,P1E320B92A_01242,ruvb,1011,0,False,0,False,True,True
L. delbrueckii,GCF_004211505.1,P1E320B92A_01243,ruva,594,0,False,0,False,True,True
L. delbrueckii,GCF_004211505.1,P1E320B92A_01245,muts,2571,0,False,0,False,True,True
L. delbrueckii,GCF_004211505.1,P1E320B92A_01261,recr,600,0,False,0,False,True,True
L. delbrueckii,GCF_004211505.1,P1E320B92A_01263,ruvb,1824,0,False,0,False,True,True
L. delbrueckii,GCF_004211505.1,P1E320B92A_01834,ssb,579,0,False,0,False,True,True
L. delbrueckii,GCF_004211735.1,P10A1A4009_00317,ssb,579,0,False,0,False,True,True
L. delbrueckii,GCF_004211735.1,P10A1A4009_00391,liga,2016,0,False,0,False,True,True
L. delbrueckii,GCF_004211735.1,P10A1A4009_00480,uvrb,2766,0,False,0,False,True,True
L. delbrueckii,GCF_004211735.1,P10A1A4009_00538,uvrb,2043,0,False,0,False,True,True
L. delbrueckii,GCF_004211735.1,P10A1A4009_00539,uvra,2859,0,False,0,False,True,True
L. delbrueckii,GCF_004211735.1,P10A1A4009_01070,reco,750,0,False,0,False,True,True
L. delbrueckii,GCF_004211735.1,P10A1A4009_01204,recn,1689,0,False,0,False,True,True
L. delbrueckii,GCF_004211735.1,P10A1A4009_01357,ruvb,1011,0,False,0,False,True,True
L. delbrueckii,GCF_004211735.1,P10A1A4009_01358,ruva,594,0,False,0,False,True,True
L. delbrueckii,GCF_004211735.1,P10A1A4009_01362,muts,2571,0,False,0,False,True,True
L. delbrueckii,GCF_004211735.1,P10A1A4009_01378,recr,600,0,False,0,False,True,True
L. delbrueckii,GCF_004211735.1,P10A1A4009_01380,ruvb,1824,0,False,0,False,True,True
L. delbrueckii,GCF_009362855.1,P1B9EE4705_00202,liga,2016,0,False,0,False,True,True
L. delbrueckii,GCF_009362855.1,P1B9EE4705_00419,ssb,576,0,False,0,False,True,True
L. delbrueckii,GCF_009362855.1,P1B9EE4705_00513,recn,1689,0,False,0,False,True,True
L. delbrueckii,GCF_009362855.1,P1B9EE4705_00935,uvrb,2043,0,False,0,False,True,True
L. delbrueckii,GCF_009362855.1,P1B9EE4705_00936,uvra,2856,0,False,0,False,True,True
L. delbrueckii,GCF_009362855.1,P1B9EE4705_01046,uvrb,2766,0,False,0,False,True,True
L. delbrueckii,GCF_009362855.1,P1B9EE4705_01343,ruvb,1011,0,False,0,False,True,True
L. delbrueckii,GCF_009362855.1,P1B9EE4705_01344,ruva,594,0,False,0,False,True,True
L. delbrueckii,GCF_009362855.1,P1B9EE4705_01346,muts,2571,0,False,0,False,True,True
L. delbrueckii,GCF_009362855.1,P1B9EE4705_01363,recr,600,0,False,0,False,True,True
L. delbrueckii,GCF_009362855.1,P1B9EE4705_01365,ruvb,1824,0,False,0,False,True,True
L. delbrueckii,GCF_009362855.1,P1B9EE4705_01752,reco,750,0,False,0,False,True,True
L. delbrueckii,GCF_009734125.1,P15C89E528_00454,uvra,2856,0,False,0,False,True,True
L. delbrueckii,GCF_009734125.1,P15C89E528_00455,uvrb,2043,0,False,0,False,True,True
L. delbrueckii,GCF_009734125.1,P15C89E528_00590,liga,2016,0,False,0,False,True,True
L. delbrueckii,GCF_009734125.1,P15C89E528_00979,uvrb,2766,0,False,0,False,True,True
L. delbrueckii,GCF_009734125.1,P15C89E528_01007,ssb,576,0,False,0,False,True,True
L. delbrueckii,GCF_009734125.1,P15C89E528_01531,ruvb,1824,0,False,0,False,True,True
L. delbrueckii,GCF_009734125.1,P15C89E528_01533,recr,600,0,False,0,False,True,True
L. delbrueckii,GCF_009734125.1,P15C89E528_01550,muts,2571,0,False,0,False,True,True
L. delbrueckii,GCF_009734125.1,P15C89E528_01552,ruva,594,0,False,0,False,True,True
L. delbrueckii,GCF_009734125.1,P15C89E528_01553,ruvb,1011,0,False,0,False,True,True
L. delbrueckii,GCF_009734125.1,P15C89E528_01719,recn,1689,0,False,0,False,True,True
L. delbrueckii,GCF_009734125.1,P15C89E528_01869,reco,750,0,False,0,False,True,True
L. delbrueckii,GCF_014830125.1,P1B7C3677B_00223,ssb,528,0,False,0,False,True,True
L. delbrueckii,GCF_014830125.1,P1B7C3677B_00575,liga,2016,0,False,0,False,True,True
L. delbrueckii,GCF_014830125.1,P1B7C3677B_00732,ssb,579,0,False,0,False,True,True
L. delbrueckii,GCF_014830125.1,P1B7C3677B_00837,uvrb,2766,0,False,0,False,True,True
L. delbrueckii,GCF_014830125.1,P1B7C3677B_01301,reco,750,0,False,0,False,True,True
L. delbrueckii,GCF_014830125.1,P1B7C3677B_01639,recn,1689,0,False,0,False,True,True
L. delbrueckii,GCF_014830125.1,P1B7C3677B_01751,uvra,2859,0,False,0,False,True,True
L. delbrueckii,GCF_014830125.1,P1B7C3677B_01752,uvrb,2043,0,False,0,False,True,True
L. delbrueckii,GCF_014830125.1,P1B7C3677B_01894,ruva,594,0,False,0,False,True,True
L. delbrueckii,GCF_014830125.1,P1B7C3677B_01895,ruvb,1011,0,False,0,False,True,True
L. delbrueckii,GCF_014830125.1,P1B7C3677B_01975,ruvb,1824,0,False,0,False,True,True
L. delbrueckii,GCF_014830125.1,P1B7C3677B_01977,recr,600,0,False,0,False,True,True
L. delbrueckii,GCF_014830125.1,P1B7C3677B_01993,muts,2571,0,False,0,False,True,True
L. delbrueckii,GCF_015377785.1,P1F321648C_00008,ssb,576,0,False,0,False,True,True
L. delbrueckii,GCF_015377785.1,P1F321648C_00031,uvrb,2766,0,False,0,False,True,True
L. delbrueckii,GCF_015377785.1,P1F321648C_00416,liga,2016,0,False,0,False,True,True
L. delbrueckii,GCF_015377785.1,P1F321648C_00556,uvrb,2043,0,False,0,False,True,True
L. delbrueckii,GCF_015377785.1,P1F321648C_00557,uvra,2856,0,False,0,False,True,True
L. delbrueckii,GCF_015377785.1,P1F321648C_01147,reco,750,0,False,0,False,True,True
L. delbrueckii,GCF_015377785.1,P1F321648C_01300,recn,1689,0,False,0,False,True,True
L. delbrueckii,GCF_015377785.1,P1F321648C_01474,ruvb,1011,0,False,0,False,True,True
L. delbrueckii,GCF_015377785.1,P1F321648C_01475,ruva,594,0,False,0,False,True,True
L. delbrueckii,GCF_015377785.1,P1F321648C_01477,muts,2571,0,False,0,False,True,True
L. delbrueckii,GCF_015377785.1,P1F321648C_01494,recr,600,0,False,0,False,True,True
L. delbrueckii,GCF_015377785.1,P1F321648C_01496,ruvb,1824,0,False,0,False,True,True
L. delbrueckii,GCF_019583415.1,P1ED082011_00027,ruvb,1011,0,False,0,False,True,True
L. delbrueckii,GCF_019583415.1,P1ED082011_00028,ruva,594,0,False,0,False,True,True
L. delbrueckii,GCF_019583415.1,P1ED082011_00030,muts,2571,0,False,0,False,True,True
L. delbrueckii,GCF_019583415.1,P1ED082011_00046,recr,600,0,False,0,False,True,True
L. delbrueckii,GCF_019583415.1,P1ED082011_00048,ruvb,1830,0,False,0,False,True,True
L. delbrueckii,GCF_019583415.1,P1ED082011_00276,reco,750,0,False,0,False,True,True
L. delbrueckii,GCF_019583415.1,P1ED082011_00568,uvra,2859,0,False,0,False,True,True
L. delbrueckii,GCF_019583415.1,P1ED082011_00569,uvrb,2043,0,False,0,False,True,True
L. delbrueckii,GCF_019583415.1,P1ED082011_00954,recn,1689,0,False,0,False,True,True
L. delbrueckii,GCF_019583415.1,P1ED082011_01219,uvrb,2766,0,False,0,False,True,True
L. delbrueckii,GCF_019583415.1,P1ED082011_01234,ssb,579,0,False,0,False,True,True
L. delbrueckii,GCF_019583415.1,P1ED082011_01628,liga,2016,0,False,0,False,True,True
L. delbrueckii,GCF_021600185.1,P18BC257B8_00151,reco,750,0,False,0,False,True,True
L. delbrueckii,GCF_021600185.1,P18BC257B8_00414,uvrb,2043,0,False,0,False,True,True
L. delbrueckii,GCF_021600185.1,P18BC257B8_00415,uvra,2859,0,False,0,False,True,True
L. delbrueckii,GCF_021600185.1,P18BC257B8_00601,recn,1689,0,False,0,False,True,True
L. delbrueckii,GCF_021600185.1,P18BC257B8_00714,ruvb,1824,0,False,0,False,True,True
L. delbrueckii,GCF_021600185.1,P18BC257B8_00716,recr,600,0,False,0,False,True,True
L. delbrueckii,GCF_021600185.1,P18BC257B8_00732,muts,2571,0,False,0,False,True,True
L. delbrueckii,GCF_021600185.1,P18BC257B8_00734,ruva,594,0,False,0,False,True,True
L. delbrueckii,GCF_021600185.1,P18BC257B8_00735,ruvb,1011,0,False,0,False,True,True
L. delbrueckii,GCF_021600185.1,P18BC257B8_00793,liga,2016,0,False,0,False,True,True
L. delbrueckii,GCF_021600185.1,P18BC257B8_01034,ssb,579,0,False,0,False,True,True
L. delbrueckii,GCF_021600185.1,P18BC257B8_01753,uvrb,2766,0,False,0,False,True,True
L. delbrueckii,GCF_021600205.1,P1AADCD77A_00133,reco,750,0,False,0,False,True,True
L. delbrueckii,GCF_021600205.1,P1AADCD77A_00250,liga,2016,0,False,0,False,True,True
L. delbrueckii,GCF_021600205.1,P1AADCD77A_00319,recn,1689,0,False,0,False,True,True
L. delbrueckii,GCF_021600205.1,P1AADCD77A_00704,muts,2571,0,False,0,False,True,True
L. delbrueckii,GCF_021600205.1,P1AADCD77A_00720,recr,600,0,False,0,False,True,True
L. delbrueckii,GCF_021600205.1,P1AADCD77A_00722,ruvb,1824,0,False,0,False,True,True
L. delbrueckii,GCF_021600205.1,P1AADCD77A_01031,ruva,594,0,False,0,False,True,True
L. delbrueckii,GCF_021600205.1,P1AADCD77A_01032,ruvb,1011,0,False,0,False,True,True
L. delbrueckii,GCF_021600205.1,P1AADCD77A_01105,ssb,579,0,False,0,False,True,True
L. delbrueckii,GCF_021600205.1,P1AADCD77A_01176,uvra,2859,0,False,0,False,True,True
L. delbrueckii,GCF_021600205.1,P1AADCD77A_01177,uvrb,2043,0,False,0,False,True,True
L. delbrueckii,GCF_021600205.1,P1AADCD77A_01536,uvrb,2766,0,False,0,False,True,True
L. delbrueckii,GCF_021600245.1,P1674D5D23_00194,uvra,2859,0,False,0,False,True,True
L. delbrueckii,GCF_021600245.1,P1674D5D23_00195,uvrb,2043,0,False,0,False,True,True
L. delbrueckii,GCF_021600245.1,P1674D5D23_00656,recn,1689,0,False,0,False,True,True
L. delbrueckii,GCF_021600245.1,P1674D5D23_00854,ruvb,1824,0,False,0,False,True,True
L. delbrueckii,GCF_021600245.1,P1674D5D23_00856,recr,600,0,False,0,False,True,True
L. delbrueckii,GCF_021600245.1,P1674D5D23_00872,muts,2571,0,False,0,False,True,True
L. delbrueckii,GCF_021600245.1,P1674D5D23_00900,ruvb,1011,0,False,0,False,True,True
L. delbrueckii,GCF_021600245.1,P1674D5D23_00901,ruva,594,0,False,0,False,True,True
L. delbrueckii,GCF_021600245.1,P1674D5D23_01022,ssb,579,0,False,0,False,True,True
L. delbrueckii,GCF_021600245.1,P1674D5D23_01090,liga,2016,0,False,0,False,True,True
L. delbrueckii,GCF_021600245.1,P1674D5D23_01138,reco,750,0,False,0,False,True,True
L. delbrueckii,GCF_021600245.1,P1674D5D23_01556,uvrb,2766,0,False,0,False,True,True
L. delbrueckii,GCF_021600265.1,P167AF6898_00007,reco,750,0,False,0,False,True,True
L. delbrueckii,GCF_021600265.1,P167AF6898_00135,recn,1689,0,False,0,False,True,True
L. delbrueckii,GCF_021600265.1,P167AF6898_00211,liga,2016,0,False,0,False,True,True
L. delbrueckii,GCF_021600265.1,P167AF6898_00704,ruvb,1824,0,False,0,False,True,True
L. delbrueckii,GCF_021600265.1,P167AF6898_00706,recr,600,0,False,0,False,True,True
L. delbrueckii,GCF_021600265.1,P167AF6898_00722,muts,2571,0,False,0,False,True,True
L. delbrueckii,GCF_021600265.1,P167AF6898_00724,ruva,594,0,False,0,False,True,True
L. delbrueckii,GCF_021600265.1,P167AF6898_00725,ruvb,1011,0,False,0,False,True,True
L. delbrueckii,GCF_021600265.1,P167AF6898_01343,uvra,2847,0,False,0,False,True,True
L. delbrueckii,GCF_021600265.1,P167AF6898_01344,uvrb,2043,0,False,0,False,True,True
L. delbrueckii,GCF_021600265.1,P167AF6898_01572,uvrb,2766,0,False,0,False,True,True
L. delbrueckii,GCF_021600265.1,P167AF6898_01593,ssb,579,0,False,0,False,True,True
L. delbrueckii,GCF_021600345.1,P1076AAC6D_00117,uvrb,2043,0,False,0,False,True,True
L. delbrueckii,GCF_021600345.1,P1076AAC6D_00118,uvra,2859,0,False,0,False,True,True
L. delbrueckii,GCF_021600345.1,P1076AAC6D_00539,recn,1689,0,False,0,False,True,True
L. delbrueckii,GCF_021600345.1,P1076AAC6D_01002,ruvb,1011,0,False,0,False,True,True
L. delbrueckii,GCF_021600345.1,P1076AAC6D_01003,ruva,594,0,False,0,False,True,True
L. delbrueckii,GCF_021600345.1,P1076AAC6D_01005,muts,2571,0,False,0,False,True,True
L. delbrueckii,GCF_021600345.1,P1076AAC6D_01025,recr,600,0,False,0,False,True,True
L. delbrueckii,GCF_021600345.1,P1076AAC6D_01027,ruvb,1824,0,False,0,False,True,True
L. delbrueckii,GCF_021600345.1,P1076AAC6D_01244,reco,750,0,False,0,False,True,True
L. delbrueckii,GCF_021600345.1,P1076AAC6D_01368,liga,2016,0,False,0,False,True,True
L. delbrueckii,GCF_021600345.1,P1076AAC6D_01414,ssb,579,0,False,0,False,True,True
L. delbrueckii,GCF_021600345.1,P1076AAC6D_01676,uvrb,2766,0,False,0,False,True,True
L. delbrueckii,GCF_021600365.1,P137991B6B_00111,recn,1689,0,False,0,False,True,True
L. delbrueckii,GCF_021600365.1,P137991B6B_00235,reco,750,0,False,0,False,True,True
L. delbrueckii,GCF_021600365.1,P137991B6B_00469,uvrb,2043,0,False,0,False,True,True
L. delbrueckii,GCF_021600365.1,P137991B6B_00470,uvra,2859,0,False,0,False,True,True
L. delbrueckii,GCF_021600365.1,P137991B6B_00598,liga,2016,0,False,0,False,True,True
L. delbrueckii,GCF_021600365.1,P137991B6B_00674,ruvb,1011,0,False,0,False,True,True
L. delbrueckii,GCF_021600365.1,P137991B6B_00675,ruva,594,0,False,0,False,True,True
L. delbrueckii,GCF_021600365.1,P137991B6B_00677,muts,2571,0,False,0,False,True,True
L. delbrueckii,GCF_021600365.1,P137991B6B_00693,recr,600,0,False,0,False,True,True
L. delbrueckii,GCF_021600365.1,P137991B6B_00695,ruvb,1824,0,False,0,False,True,True
L. delbrueckii,GCF_021600365.1,P137991B6B_01445,ssb,579,0,False,0,False,True,True
L. delbrueckii,GCF_021600365.1,P137991B6B_01942,uvrb,2766,0,False,0,False,True,True
L. delbrueckii,GCF_021600385.1,P10F83B89A_00029,recn,1689,0,False,0,False,True,True
L. delbrueckii,GCF_021600385.1,P10F83B89A_00175,ruvb,1824,0,False,0,False,True,True
L. delbrueckii,GCF_021600385.1,P10F83B89A_00177,recr,600,0,False,0,False,True,True
L. delbrueckii,GCF_021600385.1,P10F83B89A_00193,muts,2571,0,False,0,False,True,True
L. delbrueckii,GCF_021600385.1,P10F83B89A_00195,ruva,594,0,False,0,False,True,True
L. delbrueckii,GCF_021600385.1,P10F83B89A_00196,ruvb,1011,0,False,0,False,True,True
L. delbrueckii,GCF_021600385.1,P10F83B89A_00350,uvrb,2043,0,False,0,False,True,True
L. delbrueckii,GCF_021600385.1,P10F83B89A_00351,uvra,2859,0,False,0,False,True,True
L. delbrueckii,GCF_021600385.1,P10F83B89A_00609,liga,2016,0,False,0,False,True,True
L. delbrueckii,GCF_021600385.1,P10F83B89A_00935,reco,750,0,False,0,False,True,True
L. delbrueckii,GCF_021600385.1,P10F83B89A_01006,ssb,579,0,False,0,False,True,True
L. delbrueckii,GCF_021600385.1,P10F83B89A_01026,uvrb,2766,0,False,0,False,True,True
L. delbrueckii,GCF_021600405.1,P1E985E39A_00216,recn,1689,0,False,0,False,True,True
L. delbrueckii,GCF_021600405.1,P1E985E39A_00327,ruvb,1824,0,False,0,False,True,True
L. delbrueckii,GCF_021600405.1,P1E985E39A_00329,recr,600,0,False,0,False,True,True
L. delbrueckii,GCF_021600405.1,P1E985E39A_00345,muts,2571,0,False,0,False,True,True
L. delbrueckii,GCF_021600405.1,P1E985E39A_00347,ruva,594,0,False,0,False,True,True
L. delbrueckii,GCF_021600405.1,P1E985E39A_00348,ruvb,1011,0,False,0,False,True,True
L. delbrueckii,GCF_021600405.1,P1E985E39A_00436,liga,2016,0,False,0,False,True,True
L. delbrueckii,GCF_021600405.1,P1E985E39A_00537,uvra,2859,0,False,0,False,True,True
L. delbrueckii,GCF_021600405.1,P1E985E39A_00538,uvrb,2043,0,False,0,False,True,True
L. delbrueckii,GCF_021600405.1,P1E985E39A_00673,reco,750,0,False,0,False,True,True
L. delbrueckii,GCF_021600405.1,P1E985E39A_01005,ssb,579,0,False,0,False,True,True
L. delbrueckii,GCF_021600405.1,P1E985E39A_01787,uvrb,2766,0,False,0,False,True,True
L. delbrueckii,GCF_021600425.1,P13B098BB0_00011,liga,2016,0,False,0,False,True,True
L. delbrueckii,GCF_021600425.1,P13B098BB0_00438,ssb,513,0,False,0,False,True,True
L. delbrueckii,GCF_021600425.1,P13B098BB0_00621,ruvb,1011,0,False,0,False,True,True
L. delbrueckii,GCF_021600425.1,P13B098BB0_00622,ruva,594,0,False,0,False,True,True
L. delbrueckii,GCF_021600425.1,P13B098BB0_00624,muts,2571,0,False,0,False,True,True
L. delbrueckii,GCF_021600425.1,P13B098BB0_00709,reco,750,0,False,0,False,True,True
L. delbrueckii,GCF_021600425.1,P13B098BB0_00787,ssb,579,0,False,0,False,True,True
L. delbrueckii,GCF_021600425.1,P13B098BB0_00855,ruvb,1809,0,False,0,False,True,True
L. delbrueckii,GCF_021600425.1,P13B098BB0_00857,recr,600,0,False,0,False,True,True
L. delbrueckii,GCF_021600425.1,P13B098BB0_01002,recn,1689,0,False,0,False,True,True
L. delbrueckii,GCF_021600425.1,P13B098BB0_01139,uvrb,2766,0,False,0,False,True,True
L. delbrueckii,GCF_021600425.1,P13B098BB0_01458,uvrb,2043,0,False,0,False,True,True
L. delbrueckii,GCF_021600425.1,P13B098BB0_01713,uvra,2325,0,False,0,False,True,True
L. delbrueckii,GCF_021600445.1,P1423E6FF5_00080,uvrb,2043,0,False,0,False,True,True
L. delbrueckii,GCF_021600445.1,P1423E6FF5_00081,uvra,2859,0,False,0,False,True,True
L. delbrueckii,GCF_021600445.1,P1423E6FF5_00331,reco,750,0,False,0,False,True,True
L. delbrueckii,GCF_021600445.1,P1423E6FF5_01118,ssb,579,0,False,0,False,True,True
L. delbrueckii,GCF_021600445.1,P1423E6FF5_01334,ruvb,1824,0,False,0,False,True,True
L. delbrueckii,GCF_021600445.1,P1423E6FF5_01336,recr,600,0,False,0,False,True,True
L. delbrueckii,GCF_021600445.1,P1423E6FF5_01352,muts,2571,0,False,0,False,True,True
L. delbrueckii,GCF_021600445.1,P1423E6FF5_01381,ruvb,1011,0,False,0,False,True,True
L. delbrueckii,GCF_021600445.1,P1423E6FF5_01382,ruva,594,0,False,0,False,True,True
L. delbrueckii,GCF_021600445.1,P1423E6FF5_01491,recn,1689,0,False,0,False,True,True
L. delbrueckii,GCF_021600445.1,P1423E6FF5_01710,liga,2016,0,False,0,False,True,True
L. delbrueckii,GCF_021600445.1,P1423E6FF5_01850,uvrb,2766,0,False,0,False,True,True
L. delbrueckii,GCF_021600465.1,P13A2CDAB3_00411,ruvb,1824,0,False,0,False,True,True
L. delbrueckii,GCF_021600465.1,P13A2CDAB3_00413,recr,600,0,False,0,False,True,True
L. delbrueckii,GCF_021600465.1,P13A2CDAB3_00429,muts,2571,0,False,0,False,True,True
L. delbrueckii,GCF_021600465.1,P13A2CDAB3_00431,ruva,594,0,False,0,False,True,True
L. delbrueckii,GCF_021600465.1,P13A2CDAB3_00432,ruvb,1011,0,False,0,False,True,True
L. delbrueckii,GCF_021600465.1,P13A2CDAB3_00611,recn,1689,0,False,0,False,True,True
L. delbrueckii,GCF_021600465.1,P13A2CDAB3_00941,ssb,579,0,False,0,False,True,True
L. delbrueckii,GCF_021600465.1,P13A2CDAB3_01232,uvra,2859,0,False,0,False,True,True
L. delbrueckii,GCF_021600465.1,P13A2CDAB3_01233,uvrb,2043,0,False,0,False,True,True
L. delbrueckii,GCF_021600465.1,P13A2CDAB3_01270,liga,2016,0,False,0,False,True,True
L. delbrueckii,GCF_021600465.1,P13A2CDAB3_01504,reco,750,0,False,0,False,True,True
L. delbrueckii,GCF_021600465.1,P13A2CDAB3_01577,uvrb,2766,0,False,0,False,True,True
L. delbrueckii,GCF_021600485.1,P182372FFF_00041,recn,1689,0,False,0,False,True,True
L. delbrueckii,GCF_021600485.1,P182372FFF_00495,liga,2016,0,False,0,False,True,True
L. delbrueckii,GCF_021600485.1,P182372FFF_00641,ruvb,1011,0,False,0,False,True,True
L. delbrueckii,GCF_021600485.1,P182372FFF_00642,ruva,594,0,False,0,False,True,True
L. delbrueckii,GCF_021600485.1,P182372FFF_00644,muts,2571,0,False,0,False,True,True
L. delbrueckii,GCF_021600485.1,P182372FFF_00660,recr,600,0,False,0,False,True,True
L. delbrueckii,GCF_021600485.1,P182372FFF_00662,ruvb,1824,0,False,0,False,True,True
L. delbrueckii,GCF_021600485.1,P182372FFF_00701,uvrb,2043,0,False,0,False,True,True
L. delbrueckii,GCF_021600485.1,P182372FFF_00702,uvra,2859,0,False,0,False,True,True
L. delbrueckii,GCF_021600485.1,P182372FFF_00747,reco,750,0,False,0,False,True,True
L. delbrueckii,GCF_021600485.1,P182372FFF_01144,ssb,579,0,False,0,False,True,True
L. delbrueckii,GCF_021600485.1,P182372FFF_01479,uvrb,2766,0,False,0,False,True,True
L. delbrueckii,GCF_021600505.1,P13D2BCE5D_00114,recn,1689,0,False,0,False,True,True
L. delbrueckii,GCF_021600505.1,P13D2BCE5D_00508,uvrb,2043,0,False,0,False,True,True
L. delbrueckii,GCF_021600505.1,P13D2BCE5D_00509,uvra,2868,0,False,0,False,True,True
L. delbrueckii,GCF_021600505.1,P13D2BCE5D_00867,reco,750,0,False,0,False,True,True
L. delbrueckii,GCF_021600505.1,P13D2BCE5D_01166,ssb,573,0,False,0,False,True,True
L. delbrueckii,GCF_021600505.1,P13D2BCE5D_01237,ruvb,1011,0,False,0,False,True,True
L. delbrueckii,GCF_021600505.1,P13D2BCE5D_01238,ruva,594,0,False,0,False,True,True
L. delbrueckii,GCF_021600505.1,P13D2BCE5D_01319,liga,2016,0,False,0,False,True,True
L. delbrueckii,GCF_021600505.1,P13D2BCE5D_01724,muts,2571,0,False,0,False,True,True
L. delbrueckii,GCF_021600505.1,P13D2BCE5D_01749,ruvb,1824,0,False,0,False,True,True
L. delbrueckii,GCF_021600505.1,P13D2BCE5D_01751,recr,600,0,False,0,False,True,True
L. delbrueckii,GCF_021600505.1,P13D2BCE5D_01818,uvrb,2766,0,False,0,False,True,True
L. delbrueckii,GCF_021600525.1,P107BAE233_00157,uvrb,2043,0,False,0,False,True,True
L. delbrueckii,GCF_021600525.1,P107BAE233_00158,uvra,2859,0,False,0,False,True,True
L. delbrueckii,GCF_021600525.1,P107BAE233_00532,reco,750,0,False,0,False,True,True
L. delbrueckii,GCF_021600525.1,P107BAE233_00753,ssb,513,0,False,0,False,True,True
L. delbrueckii,GCF_021600525.1,P107BAE233_00973,ssb,579,0,False,0,False,True,True
L. delbrueckii,GCF_021600525.1,P107BAE233_01147,ruvb,1824,0,False,0,False,True,True
L. delbrueckii,GCF_021600525.1,P107BAE233_01149,recr,600,0,False,0,False,True,True
L. delbrueckii,GCF_021600525.1,P107BAE233_01165,muts,2571,0,False,0,False,True,True
L. delbrueckii,GCF_021600525.1,P107BAE233_01169,ruva,594,0,False,0,False,True,True
L. delbrueckii,GCF_021600525.1,P107BAE233_01170,ruvb,1011,0,False,0,False,True,True
L. delbrueckii,GCF_021600525.1,P107BAE233_01352,recn,1689,0,False,0,False,True,True
L. delbrueckii,GCF_021600525.1,P107BAE233_01575,liga,2016,0,False,0,False,True,True
L. delbrueckii,GCF_021600525.1,P107BAE233_01802,uvrb,2766,0,False,0,False,True,True
L. delbrueckii,GCF_021600545.1,P100A717D8_00064,recn,1689,0,False,0,False,True,True
L. delbrueckii,GCF_021600545.1,P100A717D8_00180,ssb,531,0,False,0,False,True,True
L. delbrueckii,GCF_021600545.1,P100A717D8_00341,liga,2016,0,False,0,False,True,True
L. delbrueckii,GCF_021600545.1,P100A717D8_00499,ruvb,1011,0,False,0,False,True,True
L. delbrueckii,GCF_021600545.1,P100A717D8_00500,ruva,594,0,False,0,False,True,True
L. delbrueckii,GCF_021600545.1,P100A717D8_00502,muts,2571,0,False,0,False,True,True
L. delbrueckii,GCF_021600545.1,P100A717D8_00518,recr,600,0,False,0,False,True,True
L. delbrueckii,GCF_021600545.1,P100A717D8_00520,ruvb,1824,0,False,0,False,True,True
L. delbrueckii,GCF_021600545.1,P100A717D8_00648,uvrb,2043,0,False,0,False,True,True
L. delbrueckii,GCF_021600545.1,P100A717D8_00649,uvra,2859,0,False,0,False,True,True
L. delbrueckii,GCF_021600545.1,P100A717D8_00890,reco,750,0,False,0,False,True,True
L. delbrueckii,GCF_021600545.1,P100A717D8_01441,ssb,579,0,False,0,False,True,True
L. delbrueckii,GCF_021600545.1,P100A717D8_01675,uvrb,2766,0,False,0,False,True,True
L. delbrueckii,GCF_021600565.1,P185B5F5E8_00060,uvra,2847,0,False,0,False,True,True
L. delbrueckii,GCF_021600565.1,P185B5F5E8_00061,uvrb,2043,0,False,0,False,True,True
L. delbrueckii,GCF_021600565.1,P185B5F5E8_00258,liga,2016,0,False,0,False,True,True
L. delbrueckii,GCF_021600565.1,P185B5F5E8_00715,ruvb,1824,0,False,0,False,True,True
L. delbrueckii,GCF_021600565.1,P185B5F5E8_00717,recr,600,0,False,0,False,True,True
L. delbrueckii,GCF_021600565.1,P185B5F5E8_00733,muts,2571,0,False,0,False,True,True
L. delbrueckii,GCF_021600565.1,P185B5F5E8_00735,ruva,594,0,False,0,False,True,True
L. delbrueckii,GCF_021600565.1,P185B5F5E8_00736,ruvb,1011,0,False,0,False,True,True
L. delbrueckii,GCF_021600565.1,P185B5F5E8_00829,recn,1689,0,False,0,False,True,True
L. delbrueckii,GCF_021600565.1,P185B5F5E8_01228,ssb,579,0,False,0,False,True,True
L. delbrueckii,GCF_021600565.1,P185B5F5E8_01362,reco,750,0,False,0,False,True,True
L. delbrueckii,GCF_021600565.1,P185B5F5E8_01715,uvrb,2766,0,False,0,False,True,True
L. delbrueckii,GCF_021600585.1,P11A386156_00123,reco,750,0,False,0,False,True,True
L. delbrueckii,GCF_021600585.1,P11A386156_00170,ruvb,1824,0,False,0,False,True,True
L. delbrueckii,GCF_021600585.1,P11A386156_00172,recr,600,0,False,0,False,True,True
L. delbrueckii,GCF_021600585.1,P11A386156_00188,muts,2571,0,False,0,False,True,True
L. delbrueckii,GCF_021600585.1,P11A386156_00190,ruva,594,0,False,0,False,True,True
L. delbrueckii,GCF_021600585.1,P11A386156_00191,ruvb,1011,0,False,0,False,True,True
L. delbrueckii,GCF_021600585.1,P11A386156_00359,recn,1689,0,False,0,False,True,True
L. delbrueckii,GCF_021600585.1,P11A386156_00918,uvrb,2043,0,False,0,False,True,True
L. delbrueckii,GCF_021600585.1,P11A386156_00919,uvra,2847,0,False,0,False,True,True
L. delbrueckii,GCF_021600585.1,P11A386156_01054,liga,2016,0,False,0,False,True,True
L. delbrueckii,GCF_021600585.1,P11A386156_01136,ssb,579,0,False,0,False,True,True
L. delbrueckii,GCF_021600585.1,P11A386156_01559,uvrb,2766,0,False,0,False,True,True
L. delbrueckii,GCF_021600605.1,P1A3544654_00124,liga,2016,0,False,0,False,True,True
L. delbrueckii,GCF_021600605.1,P1A3544654_00303,recn,1689,0,False,0,False,True,True
L. delbrueckii,GCF_021600605.1,P1A3544654_00465,reco,750,0,False,0,False,True,True
L. delbrueckii,GCF_021600605.1,P1A3544654_00500,uvrb,2043,0,False,0,False,True,True
L. delbrueckii,GCF_021600605.1,P1A3544654_00501,uvra,2847,0,False,0,False,True,True
L. delbrueckii,GCF_021600605.1,P1A3544654_00790,muts,2571,0,False,0,False,True,True
L. delbrueckii,GCF_021600605.1,P1A3544654_00792,ruva,594,0,False,0,False,True,True
L. delbrueckii,GCF_021600605.1,P1A3544654_00793,ruvb,1011,0,False,0,False,True,True
L. delbrueckii,GCF_021600605.1,P1A3544654_00844,ruvb,1824,0,False,0,False,True,True
L. delbrueckii,GCF_021600605.1,P1A3544654_00846,recr,600,0,False,0,False,True,True
L. delbrueckii,GCF_021600605.1,P1A3544654_01082,ssb,579,0,False,0,False,True,True
L. delbrueckii,GCF_021600605.1,P1A3544654_01319,uvrb,2766,0,False,0,False,True,True
L. delbrueckii,GCF_021600625.1,P116B99E1D_00011,liga,2016,0,False,0,False,True,True
L. delbrueckii,GCF_021600625.1,P116B99E1D_00166,recn,1689,0,False,0,False,True,True
L. delbrueckii,GCF_021600625.1,P116B99E1D_00396,ruvb,1824,0,False,0,False,True,True
L. delbrueckii,GCF_021600625.1,P116B99E1D_00398,recr,600,0,False,0,False,True,True
L. delbrueckii,GCF_021600625.1,P116B99E1D_00414,muts,2571,0,False,0,False,True,True
L. delbrueckii,GCF_021600625.1,P116B99E1D_00416,ruva,594,0,False,0,False,True,True
L. delbrueckii,GCF_021600625.1,P116B99E1D_00417,ruvb,1011,0,False,0,False,True,True
L. delbrueckii,GCF_021600625.1,P116B99E1D_00655,reco,750,0,False,0,False,True,True
L. delbrueckii,GCF_021600625.1,P116B99E1D_00721,uvra,2847,0,False,0,False,True,True
L. delbrueckii,GCF_021600625.1,P116B99E1D_00722,uvrb,2043,0,False,0,False,True,True
L. delbrueckii,GCF_021600625.1,P116B99E1D_00863,ssb,579,0,False,0,False,True,True
L. delbrueckii,GCF_021600625.1,P116B99E1D_01204,uvrb,2766,0,False,0,False,True,True
L. delbrueckii,GCF_021600645.1,P11C2F2EAF_00214,reco,750,0,False,0,False,True,True
L. delbrueckii,GCF_021600645.1,P11C2F2EAF_00366,uvrb,2043,0,False,0,False,True,True
L. delbrueckii,GCF_021600645.1,P11C2F2EAF_00367,uvra,2859,0,False,0,False,True,True
L. delbrueckii,GCF_021600645.1,P11C2F2EAF_00445,recn,1689,0,False,0,False,True,True
L. delbrueckii,GCF_021600645.1,P11C2F2EAF_00675,ruvb,1011,0,False,0,False,True,True
L. delbrueckii,GCF_021600645.1,P11C2F2EAF_00676,ruva,594,0,False,0,False,True,True
L. delbrueckii,GCF_021600645.1,P11C2F2EAF_00678,muts,2571,0,False,0,False,True,True
L. delbrueckii,GCF_021600645.1,P11C2F2EAF_00739,ssb,579,0,False,0,False,True,True
L. delbrueckii,GCF_021600645.1,P11C2F2EAF_00813,liga,2016,0,False,0,False,True,True
L. delbrueckii,GCF_021600645.1,P11C2F2EAF_01358,ruvb,1824,0,False,0,False,True,True
L. delbrueckii,GCF_021600645.1,P11C2F2EAF_01360,recr,600,0,False,0,False,True,True
L. delbrueckii,GCF_021600645.1,P11C2F2EAF_01857,uvrb,2766,0,False,0,False,True,True
L. delbrueckii,IAHAHI,P1AC7D15BF_00141,liga,2016,0,False,0,False,True,True
L. delbrueckii,IAHAHI,P1AC7D15BF_00285,uvrb,2043,0,False,0,False,True,True
L. delbrueckii,IAHAHI,P1AC7D15BF_00286,uvra,2856,0,False,0,False,True,True
L. delbrueckii,IAHAHI,P1AC7D15BF_00515,recn,1689,0,False,0,False,True,True
L. delbrueckii,IAHAHI,P1AC7D15BF_00863,ruvb,1011,0,False,0,False,True,True
L. delbrueckii,IAHAHI,P1AC7D15BF_00864,ruva,594,0,False,0,False,True,True
L. delbrueckii,IAHAHI,P1AC7D15BF_00866,muts,2571,0,False,0,False,True,True
L. delbrueckii,IAHAHI,P1AC7D15BF_00883,recr,600,0,False,0,False,True,True
L. delbrueckii,IAHAHI,P1AC7D15BF_01118,ssb,576,0,False,0,False,True,True
L. delbrueckii,IAHAHI,P1AC7D15BF_01147,uvrb,2766,0,False,0,False,True,True
L. delbrueckii,IAHAHI,P1AC7D15BF_01534,reco,750,0,False,0,False,True,True
L. plantarum,GCF_000687495.1,P1416E0403_00328,liga,2040,0,False,0,False,True,True
L. plantarum,GCF_000687495.1,P1416E0403_00888,recn,1695,0,False,0,False,True,True
L. plantarum,GCF_000687495.1,P1416E0403_01080,uvra,2856,0,False,0,False,True,True
L. plantarum,GCF_000687495.1,P1416E0403_01081,uvrb,2004,0,False,0,False,True,True
L. plantarum,GCF_000687495.1,P1416E0403_01146,recr,600,0,False,0,False,True,True
L. plantarum,GCF_000687495.1,P1416E0403_02265,uvra,2508,0,False,0,False,True,True
L. plantarum,GCF_000687495.1,P1416E0403_02803,muts,2691,0,False,0,False,True,True
L. plantarum,GCF_000687495.1,P1416E0403_02808,ruva,612,0,False,0,False,True,True
L. plantarum,GCF_000687495.1,P1416E0403_02809,ruvb,1011,0,False,0,False,True,True
L. plantarum,GCF_000687495.1,P1416E0403_02896,reco,789,0,False,0,False,True,True
L. plantarum,GCF_000687495.1,P1416E0403_03018,uvra,249,0,False,0,False,True,True
L. plantarum,GCF_000687495.1,P1416E0403_03019,uvra,297,0,False,0,False,True,True
L. plantarum,GCF_000687495.1,P1416E0403_03205,uvra,2268,0,False,0,False,True,True
L. plantarum,GCF_000731855.1,P1266C8FDC_00547,recr,600,0,False,0,False,True,True
L. plantarum,GCF_000731855.1,P1266C8FDC_00606,uvrb,2004,0,False,0,False,True,True
L. plantarum,GCF_000731855.1,P1266C8FDC_00607,uvra,2856,0,False,0,False,True,True
L. plantarum,GCF_000731855.1,P1266C8FDC_01002,liga,2040,0,False,0,False,True,True
L. plantarum,GCF_000731855.1,P1266C8FDC_01221,uvra,2268,0,False,0,False,True,True
L. plantarum,GCF_000731855.1,P1266C8FDC_01399,recn,1695,0,False,0,False,True,True
L. plantarum,GCF_000731855.1,P1266C8FDC_01746,reco,789,0,False,0,False,True,True
L. plantarum,GCF_000731855.1,P1266C8FDC_02054,ruvb,1011,0,False,0,False,True,True
L. plantarum,GCF_000731855.1,P1266C8FDC_02055,ruva,612,0,False,0,False,True,True
L. plantarum,GCF_000731855.1,P1266C8FDC_02060,muts,2691,0,False,0,False,True,True
L. plantarum,GCF_000731855.1,P1266C8FDC_02553,uvra,2508,0,False,0,False,True,True
L. plantarum,GCF_000743895.1,P1D942CB8F_00064,uvra,2268,0,False,0,False,True,True
L. plantarum,GCF_000743895.1,P1D942CB8F_00207,reco,789,0,False,0,False,True,True
L. plantarum,GCF_000743895.1,P1D942CB8F_00803,recr,600,0,False,0,False,True,True
L. plantarum,GCF_000743895.1,P1D942CB8F_01228,uvrb,2004,0,False,0,False,True,True
L. plantarum,GCF_000743895.1,P1D942CB8F_01229,uvra,2856,0,False,0,False,True,True
L. plantarum,GCF_000743895.1,P1D942CB8F_01393,muts,2691,0,False,0,False,True,True
L. plantarum,GCF_000743895.1,P1D942CB8F_01689,liga,2040,0,False,0,False,True,True
L. plantarum,GCF_000743895.1,P1D942CB8F_01826,uvra,2508,0,False,0,False,True,True
L. plantarum,GCF_000743895.1,P1D942CB8F_01926,muts,1458,0,False,0,False,True,True
L. plantarum,GCF_000743895.1,P1D942CB8F_02255,ruva,612,0,False,0,False,True,True
L. plantarum,GCF_000743895.1,P1D942CB8F_02256,ruvb,1011,0,False,0,False,True,True
L. plantarum,GCF_000743895.1,P1D942CB8F_02827,recn,1695,0,False,0,False,True,True
L. plantarum,GCF_000764285.1,P1535EE49F_00885,uvra,2508,0,False,0,False,True,True
L. plantarum,GCF_000764285.1,P1535EE49F_01400,muts,2691,0,False,0,False,True,True
L. plantarum,GCF_000764285.1,P1535EE49F_01405,ruva,612,0,False,0,False,True,True
L. plantarum,GCF_000764285.1,P1535EE49F_01406,ruvb,1011,0,False,0,False,True,True
L. plantarum,GCF_000764285.1,P1535EE49F_01752,reco,789,0,False,0,False,True,True
L. plantarum,GCF_000764285.1,P1535EE49F_02058,recn,1695,0,False,0,False,True,True
L. plantarum,GCF_000764285.1,P1535EE49F_02239,uvra,2268,0,False,0,False,True,True
L. plantarum,GCF_000764285.1,P1535EE49F_02440,liga,2040,0,False,0,False,True,True
L. plantarum,GCF_000764285.1,P1535EE49F_02769,uvra,2856,0,False,0,False,True,True
L. plantarum,GCF_000764285.1,P1535EE49F_02770,uvrb,2004,0,False,0,False,True,True
L. plantarum,GCF_000764285.1,P1535EE49F_02835,recr,600,0,False,0,False,True,True
L. plantarum,GCF_000931425.2,P19BA36D0B_00569,recr,600,0,False,0,False,True,True
L. plantarum,GCF_000931425.2,P19BA36D0B_00636,uvrb,2004,0,False,0,False,True,True
L. plantarum,GCF_000931425.2,P19BA36D0B_00637,uvra,2856,0,False,0,False,True,True
L. plantarum,GCF_000931425.2,P19BA36D0B_00967,liga,2040,0,False,0,False,True,True
L. plantarum,GCF_000931425.2,P19BA36D0B_01153,uvra,2268,0,False,0,False,True,True
L. plantarum,GCF_000931425.2,P19BA36D0B_01360,recn,1695,0,False,0,False,True,True
L. plantarum,GCF_000931425.2,P19BA36D0B_01666,reco,789,0,False,0,False,True,True
L. plantarum,GCF_000931425.2,P19BA36D0B_02007,ruvb,1011,0,False,0,False,True,True
L. plantarum,GCF_000931425.2,P19BA36D0B_02008,ruva,612,0,False,0,False,True,True
L. plantarum,GCF_000931425.2,P19BA36D0B_02013,muts,2691,0,False,0,False,True,True
L. plantarum,GCF_000931425.2,P19BA36D0B_02511,uvra,2508,0,False,0,False,True,True
L. plantarum,GCF_000956195.1,P1898CB58A_00040,recn,1695,0,False,0,False,True,True
L. plantarum,GCF_000956195.1,P1898CB58A_00779,uvra,2508,0,False,0,False,True,True
L. plantarum,GCF_000956195.1,P1898CB58A_00855,ruvb,1011,0,False,0,False,True,True
L. plantarum,GCF_000956195.1,P1898CB58A_00856,ruva,612,0,False,0,False,True,True
L. plantarum,GCF_000956195.1,P1898CB58A_00935,reco,789,0,False,0,False,True,True
L. plantarum,GCF_000956195.1,P1898CB58A_01209,liga,2040,0,False,0,False,True,True
L. plantarum,GCF_000956195.1,P1898CB58A_01684,recr,600,0,False,0,False,True,True
L. plantarum,GCF_000956195.1,P1898CB58A_02015,muts,2691,0,False,0,False,True,True
L. plantarum,GCF_000956195.1,P1898CB58A_02658,uvra,2856,0,False,0,False,True,True
L. plantarum,GCF_000956195.1,P1898CB58A_02659,uvrb,2004,0,False,0,False,True,True
L. plantarum,GCF_000956195.1,P1898CB58A_03026,uvra,2268,0,False,0,False,True,True
L. plantarum,GCF_000966475.1,P13DBB3E6B_00530,recr,600,0,False,0,False,True,True
L. plantarum,GCF_000966475.1,P13DBB3E6B_00590,uvrb,2004,0,False,0,False,True,True
L. plantarum,GCF_000966475.1,P13DBB3E6B_00591,uvra,2856,0,False,0,False,True,True
L. plantarum,GCF_000966475.1,P13DBB3E6B_00894,liga,2040,0,False,0,False,True,True
L. plantarum,GCF_000966475.1,P13DBB3E6B_01107,uvra,2268,0,False,0,False,True,True
L. plantarum,GCF_000966475.1,P13DBB3E6B_01326,recn,1695,0,False,0,False,True,True
L. plantarum,GCF_000966475.1,P13DBB3E6B_01651,reco,789,0,False,0,False,True,True
L. plantarum,GCF_000966475.1,P13DBB3E6B_01950,ruvb,1011,0,False,0,False,True,True
L. plantarum,GCF_000966475.1,P13DBB3E6B_01951,ruva,612,0,False,0,False,True,True
L. plantarum,GCF_000966475.1,P13DBB3E6B_01956,muts,2691,0,False,0,False,True,True
L. plantarum,GCF_000966475.1,P13DBB3E6B_02472,uvra,2508,0,False,0,False,True,True
L. plantarum,GCF_000966475.1,P13DBB3E6B_03229,uvra,2268,0,False,0,False,True,True
L. plantarum,GCF_000966475.1,P13DBB3E6B_03287,liga,282,0,False,0,False,True,True
L. plantarum,GCF_001005695.1,P1BD76F95C_00619,reco,789,0,False,0,False,True,True
L. plantarum,GCF_001005695.1,P1BD76F95C_00703,ruvb,1011,0,False,0,False,True,True
L. plantarum,GCF_001005695.1,P1BD76F95C_00704,ruva,612,0,False,0,False,True,True
L. plantarum,GCF_001005695.1,P1BD76F95C_00767,uvra,2508,0,False,0,False,True,True
L. plantarum,GCF_001005695.1,P1BD76F95C_00813,recn,1695,0,False,0,False,True,True
L. plantarum,GCF_001005695.1,P1BD76F95C_00979,recr,600,0,False,0,False,True,True
L. plantarum,GCF_001005695.1,P1BD76F95C_01317,uvrb,2004,0,False,0,False,True,True
L. plantarum,GCF_001005695.1,P1BD76F95C_01318,uvra,2856,0,False,0,False,True,True
L. plantarum,GCF_001005695.1,P1BD76F95C_01675,liga,2040,0,False,0,False,True,True
L. plantarum,GCF_001005695.1,P1BD76F95C_02269,muts,2640,0,False,0,False,True,True
L. plantarum,GCF_001005695.1,P1BD76F95C_02775,uvra,2268,0,False,0,False,True,True
L. plantarum,GCF_001005695.1,P1BD76F95C_02976,uvra,2268,0,False,0,False,True,True
L. plantarum,GCF_001005805.1,P12FE9531E_00352,reco,789,0,False,0,False,True,True
L. plantarum,GCF_001005805.1,P12FE9531E_00653,recn,1695,0,False,0,False,True,True
L. plantarum,GCF_001005805.1,P12FE9531E_00861,uvra,2268,0,False,0,False,True,True
L. plantarum,GCF_001005805.1,P12FE9531E_01047,liga,2040,0,False,0,False,True,True
L. plantarum,GCF_001005805.1,P12FE9531E_01360,uvra,2856,0,False,0,False,True,True
L. plantarum,GCF_001005805.1,P12FE9531E_01361,uvrb,2004,0,False,0,False,True,True
L. plantarum,GCF_001005805.1,P12FE9531E_01426,recr,600,0,False,0,False,True,True
L. plantarum,GCF_001005805.1,P12FE9531E_02347,ruvb,1011,0,False,0,False,True,True
L. plantarum,GCF_001005805.1,P12FE9531E_02348,ruva,612,0,False,0,False,True,True
L. plantarum,GCF_001005805.1,P12FE9531E_02353,muts,2691,0,False,0,False,True,True
L. plantarum,GCF_001005805.1,P12FE9531E_02852,uvra,2508,0,False,0,False,True,True
L. plantarum,GCF_001010175.1,P1C02DF4A8_00014,recr,600,0,False,0,False,True,True
L. plantarum,GCF_001010175.1,P1C02DF4A8_00079,uvrb,2004,0,False,0,False,True,True
L. plantarum,GCF_001010175.1,P1C02DF4A8_00080,uvra,2856,0,False,0,False,True,True
L. plantarum,GCF_001010175.1,P1C02DF4A8_01363,ruvb,1011,0,False,0,False,True,True
L. plantarum,GCF_001010175.1,P1C02DF4A8_01364,ruva,612,0,False,0,False,True,True
L. plantarum,GCF_001010175.1,P1C02DF4A8_01369,muts,2691,0,False,0,False,True,True
L. plantarum,GCF_001010175.1,P1C02DF4A8_01496,uvra,2268,0,False,0,False,True,True
L. plantarum,GCF_001010175.1,P1C02DF4A8_01563,liga,2040,0,False,0,False,True,True
L. plantarum,GCF_001010175.1,P1C02DF4A8_01859,reco,789,0,False,0,False,True,True
L. plantarum,GCF_001010175.1,P1C02DF4A8_02405,recn,1695,0,False,0,False,True,True
L. plantarum,GCF_001010175.1,P1C02DF4A8_02452,muts,1458,0,False,0,False,True,True
L. plantarum,GCF_001010175.1,P1C02DF4A8_02809,uvra,2508,0,False,0,False,True,True
L. plantarum,GCF_001267905.1,P131E2F992_00539,uvra,2856,0,False,0,False,True,True
L. plantarum,GCF_001267905.1,P131E2F992_00540,uvrb,2004,0,False,0,False,True,True
L. plantarum,GCF_001267905.1,P131E2F992_00676,uvra,459,0,False,0,False,True,True
L. plantarum,GCF_001267905.1,P131E2F992_00677,uvra,2097,0,False,0,False,True,True
L. plantarum,GCF_001267905.1,P131E2F992_00982,liga,2040,0,False,0,False,True,True
L. plantarum,GCF_001267905.1,P131E2F992_01421,recr,600,0,False,0,False,True,True
L. plantarum,GCF_001267905.1,P131E2F992_02211,uvra,2268,0,False,0,False,True,True
L. plantarum,GCF_001267905.1,P131E2F992_02417,recn,1695,0,False,0,False,True,True
L. plantarum,GCF_001267905.1,P131E2F992_02741,muts,2691,0,False,0,False,True,True
L. plantarum,GCF_001267905.1,P131E2F992_02746,ruva,612,0,False,0,False,True,True
L. plantarum,GCF_001267905.1,P131E2F992_02747,ruvb,1011,0,False,0,False,True,True
L. plantarum,GCF_001267905.1,P131E2F992_02995,reco,789,0,False,0,False,True,True
L. plantarum,GCF_001278015.1,P13B5E9AA1_00546,recr,600,0,False,0,False,True,True
L. plantarum,GCF_001278015.1,P13B5E9AA1_00606,uvrb,2004,0,False,0,False,True,True
L. plantarum,GCF_001278015.1,P13B5E9AA1_00607,uvra,2856,0,False,0,False,True,True
L. plantarum,GCF_001278015.1,P13B5E9AA1_00910,liga,2040,0,False,0,False,True,True
L. plantarum,GCF_001278015.1,P13B5E9AA1_00940,ssb,462,0,False,0,False,True,True
L. plantarum,GCF_001278015.1,P13B5E9AA1_01134,uvra,2268,0,False,0,False,True,True
L. plantarum,GCF_001278015.1,P13B5E9AA1_01193,muts,1458,0,False,0,False,True,True
L. plantarum,GCF_001278015.1,P13B5E9AA1_01350,recn,1695,0,False,0,False,True,True
L. plantarum,GCF_001278015.1,P13B5E9AA1_01724,reco,789,0,False,0,False,True,True
L. plantarum,GCF_001278015.1,P13B5E9AA1_02013,ruvb,1011,0,False,0,False,True,True
L. plantarum,GCF_001278015.1,P13B5E9AA1_02014,ruva,612,0,False,0,False,True,True
L. plantarum,GCF_001278015.1,P13B5E9AA1_02019,muts,2691,0,False,0,False,True,True
L. plantarum,GCF_001278015.1,P13B5E9AA1_02515,uvra,2508,0,False,0,False,True,True
L. plantarum,GCF_001296095.1,P136EA2F79_00228,liga,2040,0,False,0,False,True,True
L. plantarum,GCF_001296095.1,P136EA2F79_00404,uvra,2268,0,False,0,False,True,True
L. plantarum,GCF_001296095.1,P136EA2F79_00459,muts,1458,0,False,0,False,True,True
L. plantarum,GCF_001296095.1,P136EA2F79_00615,recn,1695,0,False,0,False,True,True
L. plantarum,GCF_001296095.1,P136EA2F79_00922,reco,789,0,False,0,False,True,True
L. plantarum,GCF_001296095.1,P136EA2F79_01214,ruvb,1011,0,False,0,False,True,True
L. plantarum,GCF_001296095.1,P136EA2F79_01215,ruva,612,0,False,0,False,True,True
L. plantarum,GCF_001296095.1,P136EA2F79_01220,muts,2691,0,False,0,False,True,True
L. plantarum,GCF_001296095.1,P136EA2F79_01733,uvra,2508,0,False,0,False,True,True
L. plantarum,GCF_001296095.1,P136EA2F79_02888,recr,600,0,False,0,False,True,True
L. plantarum,GCF_001296095.1,P136EA2F79_02947,uvrb,2004,0,False,0,False,True,True
L. plantarum,GCF_001296095.1,P136EA2F79_02948,uvra,2856,0,False,0,False,True,True
L. plantarum,GCF_001302645.1,P10374EA45_00144,recn,1695,0,False,0,False,True,True
L. plantarum,GCF_001302645.1,P10374EA45_00467,reco,789,0,False,0,False,True,True
L. plantarum,GCF_001302645.1,P10374EA45_00758,ruvb,1011,0,False,0,False,True,True
L. plantarum,GCF_001302645.1,P10374EA45_00759,ruva,612,0,False,0,False,True,True
L. plantarum,GCF_001302645.1,P10374EA45_00764,muts,2691,0,False,0,False,True,True
L. plantarum,GCF_001302645.1,P10374EA45_01310,uvra,1917,0,False,0,False,True,True
L. plantarum,GCF_001302645.1,P10374EA45_01311,uvra,579,0,False,0,False,True,True
L. plantarum,GCF_001302645.1,P10374EA45_02380,recr,600,0,False,0,False,True,True
L. plantarum,GCF_001302645.1,P10374EA45_02441,uvrb,2004,0,False,0,False,True,True
L. plantarum,GCF_001302645.1,P10374EA45_02442,uvra,2856,0,False,0,False,True,True
L. plantarum,GCF_001302645.1,P10374EA45_02767,liga,2040,0,False,0,False,True,True
L. plantarum,GCF_001302645.1,P10374EA45_02930,uvra,2268,0,False,0,False,True,True
L. plantarum,GCF_001302645.1,P10374EA45_03065,liga,282,0,False,0,False,True,True
L. plantarum,GCF_001308305.1,P13568631D_01075,uvra,2508,0,False,0,False,True,True
L. plantarum,GCF_001308305.1,P13568631D_01244,ruvb,1710,0,False,0,False,True,True
L. plantarum,GCF_001308305.1,P13568631D_01246,recr,600,0,False,0,False,True,True
L. plantarum,GCF_001308305.1,P13568631D_01317,uvrb,2004,0,False,0,False,True,True
L. plantarum,GCF_001308305.1,P13568631D_01318,uvra,2856,0,False,0,False,True,True
L. plantarum,GCF_001308305.1,P13568631D_01628,liga,2040,0,False,0,False,True,True
L. plantarum,GCF_001308305.1,P13568631D_01794,muts,2691,0,False,0,False,True,True
L. plantarum,GCF_001308305.1,P13568631D_01799,ruva,612,0,False,0,False,True,True
L. plantarum,GCF_001308305.1,P13568631D_01800,ruvb,1011,0,False,0,False,True,True
L. plantarum,GCF_001308305.1,P13568631D_02355,uvra,2268,0,False,0,False,True,True
L. plantarum,GCF_001308305.1,P13568631D_02420,muts,1458,0,False,0,False,True,True
L. plantarum,GCF_001308305.1,P13568631D_02547,recn,1695,0,False,0,False,True,True
L. plantarum,GCF_001308305.1,P13568631D_02859,reco,789,0,False,0,False,True,True
L. plantarum,GCF_001331925.2,P18C83F0E5_00527,recr,600,0,False,0,False,True,True
L. plantarum,GCF_001331925.2,P18C83F0E5_00598,uvrb,2004,0,False,0,False,True,True
L. plantarum,GCF_001331925.2,P18C83F0E5_00599,uvra,2856,0,False,0,False,True,True
L. plantarum,GCF_001331925.2,P18C83F0E5_00913,liga,2040,0,False,0,False,True,True
L. plantarum,GCF_001331925.2,P18C83F0E5_01065,uvra,2268,0,False,0,False,True,True
L. plantarum,GCF_001331925.2,P18C83F0E5_01089,ssb,462,0,False,0,False,True,True
L. plantarum,GCF_001331925.2,P18C83F0E5_01185,muts,1458,0,False,0,False,True,True
L. plantarum,GCF_001331925.2,P18C83F0E5_01312,recn,1695,0,False,0,False,True,True
L. plantarum,GCF_001331925.2,P18C83F0E5_01627,reco,789,0,False,0,False,True,True
L. plantarum,GCF_001331925.2,P18C83F0E5_01908,ruvb,1011,0,False,0,False,True,True
L. plantarum,GCF_001331925.2,P18C83F0E5_01909,ruva,612,0,False,0,False,True,True
L. plantarum,GCF_001331925.2,P18C83F0E5_01914,muts,2691,0,False,0,False,True,True
L. plantarum,GCF_001331925.2,P18C83F0E5_02430,uvra,2508,0,False,0,False,True,True
L. plantarum,GCF_001368775.1,P10D5C22B8_00058,liga,2040,0,False,0,False,True,True
L. plantarum,GCF_001368775.1,P10D5C22B8_00747,ruvb,1011,0,False,0,False,True,True
L. plantarum,GCF_001368775.1,P10D5C22B8_00748,ruva,612,0,False,0,False,True,True
L. plantarum,GCF_001368775.1,P10D5C22B8_00753,muts,2691,0,False,0,False,True,True
L. plantarum,GCF_001368775.1,P10D5C22B8_01378,recn,1695,0,False,0,False,True,True
L. plantarum,GCF_001368775.1,P10D5C22B8_01637,recr,600,0,False,0,False,True,True
L. plantarum,GCF_001368775.1,P10D5C22B8_01663,uvrb,2004,0,False,0,False,True,True
L. plantarum,GCF_001368775.1,P10D5C22B8_01664,uvra,2856,0,False,0,False,True,True
L. plantarum,GCF_001368775.1,P10D5C22B8_01833,uvra,2508,0,False,0,False,True,True
L. plantarum,GCF_001368775.1,P10D5C22B8_01989,uvra,2268,0,False,0,False,True,True
L. plantarum,GCF_001368775.1,P10D5C22B8_02209,reco,789,0,False,0,False,True,True
L. plantarum,GCF_001368775.1,P10D5C22B8_02942,liga,282,0,False,0,False,True,True
L. plantarum,GCF_001436855.1,P11A6FF55D_00539,uvra,2268,0,False,0,False,True,True
L. plantarum,GCF_001436855.1,P11A6FF55D_00761,recr,600,0,False,0,False,True,True
L. plantarum,GCF_001436855.1,P11A6FF55D_00826,uvrb,2004,0,False,0,False,True,True
L. plantarum,GCF_001436855.1,P11A6FF55D_00827,uvra,2856,0,False,0,False,True,True
L. plantarum,GCF_001436855.1,P11A6FF55D_01211,uvra,2508,0,False,0,False,True,True
L. plantarum,GCF_001436855.1,P11A6FF55D_01694,reco,789,0,False,0,False,True,True
L. plantarum,GCF_001436855.1,P11A6FF55D_02030,muts,2691,0,False,0,False,True,True
L. plantarum,GCF_001436855.1,P11A6FF55D_02035,ruva,612,0,False,0,False,True,True
L. plantarum,GCF_001436855.1,P11A6FF55D_02036,ruvb,1011,0,False,0,False,True,True
L. plantarum,GCF_001436855.1,P11A6FF55D_02926,recn,1695,0,False,0,False,True,True
L. plantarum,GCF_001436855.1,P11A6FF55D_03125,liga,2040,0,False,0,False,True,True
L. plantarum,GCF_001444495.1,P1B3F69934_00290,reco,789,0,False,0,False,True,True
L. plantarum,GCF_001444495.1,P1B3F69934_00910,uvra,2268,0,False,0,False,True,True
L. plantarum,GCF_001444495.1,P1B3F69934_01028,ruvb,1011,0,False,0,False,True,True
L. plantarum,GCF_001444495.1,P1B3F69934_01029,ruva,612,0,False,0,False,True,True
L. plantarum,GCF_001444495.1,P1B3F69934_01268,uvrb,2004,0,False,0,False,True,True
L. plantarum,GCF_001444495.1,P1B3F69934_01269,uvra,2856,0,False,0,False,True,True
L. plantarum,GCF_001444495.1,P1B3F69934_01338,muts,2691,0,False,0,False,True,True
L. plantarum,GCF_001444495.1,P1B3F69934_01994,recr,600,0,False,0,False,True,True
L. plantarum,GCF_001444495.1,P1B3F69934_02372,recn,1695,0,False,0,False,True,True
L. plantarum,GCF_001444495.1,P1B3F69934_02723,uvra,2508,0,False,0,False,True,True
L. plantarum,GCF_001444495.1,P1B3F69934_02965,liga,2040,0,False,0,False,True,True
L. plantarum,GCF_001484005.1,P1B893052C_00774,uvra,2508,0,False,0,False,True,True
L. plantarum,GCF_001484005.1,P1B893052C_01358,muts,2691,0,False,0,False,True,True
L. plantarum,GCF_001484005.1,P1B893052C_01363,ruva,612,0,False,0,False,True,True
L. plantarum,GCF_001484005.1,P1B893052C_01364,ruvb,1011,0,False,0,False,True,True
L. plantarum,GCF_001484005.1,P1B893052C_01653,reco,789,0,False,0,False,True,True
L. plantarum,GCF_001484005.1,P1B893052C_01960,recn,1695,0,False,0,False,True,True
L. plantarum,GCF_001484005.1,P1B893052C_02142,uvra,2268,0,False,0,False,True,True
L. plantarum,GCF_001484005.1,P1B893052C_02341,liga,2040,0,False,0,False,True,True
L. plantarum,GCF_001484005.1,P1B893052C_02669,uvra,2856,0,False,0,False,True,True
L. plantarum,GCF_001484005.1,P1B893052C_02670,uvrb,2004,0,False,0,False,True,True
L. plantarum,GCF_001484005.1,P1B893052C_02736,recr,600,0,False,0,False,True,True
L. plantarum,GCF_001540925.1,P1EB452A04_00010,muts,1458,0,False,0,False,True,True
L. plantarum,GCF_001540925.1,P1EB452A04_00138,recn,1695,0,False,0,False,True,True
L. plantarum,GCF_001540925.1,P1EB452A04_00448,reco,789,0,False,0,False,True,True
L. plantarum,GCF_001540925.1,P1EB452A04_00668,uvra,2268,0,False,0,False,True,True
L. plantarum,GCF_001540925.1,P1EB452A04_02197,uvra,2508,0,False,0,False,True,True
L. plantarum,GCF_001540925.1,P1EB452A04_02733,liga,2040,0,False,0,False,True,True
L. plantarum,GCF_001540925.1,P1EB452A04_02908,ruvb,1710,0,False,0,False,True,True
L. plantarum,GCF_001540925.1,P1EB452A04_02910,recr,600,0,False,0,False,True,True
L. plantarum,GCF_001540925.1,P1EB452A04_02981,uvrb,2004,0,False,0,False,True,True
L. plantarum,GCF_001540925.1,P1EB452A04_02982,uvra,2856,0,False,0,False,True,True
L. plantarum,GCF_001540925.1,P1EB452A04_03095,ruvb,1011,0,False,0,False,True,True
L. plantarum,GCF_001540925.1,P1EB452A04_03096,ruva,612,0,False,0,False,True,True
L. plantarum,GCF_001540925.1,P1EB452A04_03101,muts,2691,0,False,0,False,True,True
L. plantarum,GCF_001540965.1,P132B78AE9_00768,muts,2691,0,False,0,False,True,True
L. plantarum,GCF_001540965.1,P132B78AE9_00773,ruva,612,0,False,0,False,True,True
L. plantarum,GCF_001540965.1,P132B78AE9_00774,ruvb,1011,0,False,0,False,True,True
L. plantarum,GCF_001540965.1,P132B78AE9_00912,liga,2040,0,False,0,False,True,True
L. plantarum,GCF_001540965.1,P132B78AE9_01183,reco,789,0,False,0,False,True,True
L. plantarum,GCF_001540965.1,P132B78AE9_01499,recn,1695,0,False,0,False,True,True
L. plantarum,GCF_001540965.1,P132B78AE9_01682,uvra,2268,0,False,0,False,True,True
L. plantarum,GCF_001540965.1,P132B78AE9_02518,uvra,2856,0,False,0,False,True,True
L. plantarum,GCF_001540965.1,P132B78AE9_02519,uvrb,2004,0,False,0,False,True,True
L. plantarum,GCF_001540965.1,P132B78AE9_02578,recr,600,0,False,0,False,True,True
L. plantarum,GCF_001540965.1,P132B78AE9_03011,uvra,2508,0,False,0,False,True,True
L. plantarum,GCF_001581895.1,P12F9DAEC3_00499,recr,600,0,False,0,False,True,True
L. plantarum,GCF_001581895.1,P12F9DAEC3_00559,uvrb,2004,0,False,0,False,True,True
L. plantarum,GCF_001581895.1,P12F9DAEC3_00560,uvra,2856,0,False,0,False,True,True
L. plantarum,GCF_001581895.1,P12F9DAEC3_00887,liga,2040,0,False,0,False,True,True
L. plantarum,GCF_001581895.1,P12F9DAEC3_01038,uvra,2268,0,False,0,False,True,True
L. plantarum,GCF_001581895.1,P12F9DAEC3_01238,recn,1695,0,False,0,False,True,True
L. plantarum,GCF_001581895.1,P12F9DAEC3_01551,reco,789,0,False,0,False,True,True
L. plantarum,GCF_001581895.1,P12F9DAEC3_01836,ruvb,1011,0,False,0,False,True,True
L. plantarum,GCF_001581895.1,P12F9DAEC3_01837,ruva,612,0,False,0,False,True,True
L. plantarum,GCF_001581895.1,P12F9DAEC3_01842,muts,2691,0,False,0,False,True,True
L. plantarum,GCF_001581895.1,P12F9DAEC3_02370,uvra,2508,0,False,0,False,True,True
L. plantarum,GCF_001595615.1,P18D58DFCA_00716,uvra,2508,0,False,0,False,True,True
L. plantarum,GCF_001595615.1,P18D58DFCA_00932,reco,789,0,False,0,False,True,True
L. plantarum,GCF_001595615.1,P18D58DFCA_01031,liga,2040,0,False,0,False,True,True
L. plantarum,GCF_001595615.1,P18D58DFCA_01665,recn,1695,0,False,0,False,True,True
L. plantarum,GCF_001595615.1,P18D58DFCA_01673,uvrb,2004,0,False,0,False,True,True
L. plantarum,GCF_001595615.1,P18D58DFCA_01674,uvra,2856,0,False,0,False,True,True
L. plantarum,GCF_001595615.1,P18D58DFCA_01762,recr,600,0,False,0,False,True,True
L. plantarum,GCF_001595615.1,P18D58DFCA_02284,uvra,2268,0,False,0,False,True,True
L. plantarum,GCF_001595615.1,P18D58DFCA_02636,ruvb,1011,0,False,0,False,True,True
L. plantarum,GCF_001595615.1,P18D58DFCA_02637,ruva,612,0,False,0,False,True,True
L. plantarum,GCF_001595615.1,P18D58DFCA_02999,muts,2691,0,False,0,False,True,True
L. plantarum,GCF_001596095.1,P127F2BDD6_00627,recr,600,0,False,0,False,True,True
L. plantarum,GCF_001596095.1,P127F2BDD6_00692,uvrb,2004,0,False,0,False,True,True
L. plantarum,GCF_001596095.1,P127F2BDD6_00693,uvra,2856,0,False,0,False,True,True
L. plantarum,GCF_001596095.1,P127F2BDD6_01002,liga,2040,0,False,0,False,True,True
L. plantarum,GCF_001596095.1,P127F2BDD6_01209,uvra,2268,0,False,0,False,True,True
L. plantarum,GCF_001596095.1,P127F2BDD6_01447,recn,1695,0,False,0,False,True,True
L. plantarum,GCF_001596095.1,P127F2BDD6_01760,reco,789,0,False,0,False,True,True
L. plantarum,GCF_001596095.1,P127F2BDD6_02044,ruvb,1011,0,False,0,False,True,True
L. plantarum,GCF_001596095.1,P127F2BDD6_02045,ruva,612,0,False,0,False,True,True
L. plantarum,GCF_001596095.1,P127F2BDD6_02050,muts,2691,0,False,0,False,True,True
L. plantarum,GCF_001596095.1,P127F2BDD6_02511,uvra,2508,0,False,0,False,True,True
L. plantarum,GCF_001596195.1,P12FAD427B_00583,muts,2691,0,False,0,False,True,True
L. plantarum,GCF_001596195.1,P12FAD427B_00800,uvra,2856,0,False,0,False,True,True
L. plantarum,GCF_001596195.1,P12FAD427B_00801,uvrb,2004,0,False,0,False,True,True
L. plantarum,GCF_001596195.1,P12FAD427B_00860,recr,600,0,False,0,False,True,True
L. plantarum,GCF_001596195.1,P12FAD427B_01120,reco,789,0,False,0,False,True,True
L. plantarum,GCF_001596195.1,P12FAD427B_01295,uvra,2268,0,False,0,False,True,True
L. plantarum,GCF_001596195.1,P12FAD427B_01483,ruvb,1011,0,False,0,False,True,True
L. plantarum,GCF_001596195.1,P12FAD427B_01484,ruva,612,0,False,0,False,True,True
L. plantarum,GCF_001596195.1,P12FAD427B_01694,uvra,2508,0,False,0,False,True,True
L. plantarum,GCF_001596195.1,P12FAD427B_01825,liga,282,0,False,0,False,True,True
L. plantarum,GCF_001596195.1,P12FAD427B_01868,liga,285,0,False,0,False,True,True
L. plantarum,GCF_001596195.1,P12FAD427B_02078,liga,2040,0,False,0,False,True,True
L. plantarum,GCF_001596195.1,P12FAD427B_02292,recn,1695,0,False,0,False,True,True
L. plantarum,GCF_001596195.1,P12FAD427B_02425,muts,1458,0,False,0,False,True,True
L. plantarum,GCF_001597605.1,P1C9553068_00618,uvra,2856,0,False,0,False,True,True
L. plantarum,GCF_001597605.1,P1C9553068_00619,uvrb,2004,0,False,0,False,True,True
L. plantarum,GCF_001597605.1,P1C9553068_00678,recr,600,0,False,0,False,True,True
L. plantarum,GCF_001597605.1,P1C9553068_00941,reco,789,0,False,0,False,True,True
L. plantarum,GCF_001597605.1,P1C9553068_01104,uvra,2268,0,False,0,False,True,True
L. plantarum,GCF_001597605.1,P1C9553068_01461,liga,2040,0,False,0,False,True,True
L. plantarum,GCF_001597605.1,P1C9553068_01761,liga,282,0,False,0,False,True,True
L. plantarum,GCF_001597605.1,P1C9553068_02044,uvra,2508,0,False,0,False,True,True
L. plantarum,GCF_001597605.1,P1C9553068_02173,liga,285,0,False,0,False,True,True
L. plantarum,GCF_001597605.1,P1C9553068_02220,recn,1695,0,False,0,False,True,True
L. plantarum,GCF_001597605.1,P1C9553068_02353,muts,1458,0,False,0,False,True,True
L. plantarum,GCF_001597605.1,P1C9553068_03041,ruvb,1011,0,False,0,False,True,True
L. plantarum,GCF_001597605.1,P1C9553068_03042,ruva,612,0,False,0,False,True,True
L. plantarum,GCF_001597605.1,P1C9553068_03047,muts,2691,0,False,0,False,True,True
L. plantarum,GCF_001617525.2,P1E602EEF3_00606,recr,600,0,False,0,False,True,True
L. plantarum,GCF_001617525.2,P1E602EEF3_00672,uvrb,2004,0,False,0,False,True,True
L. plantarum,GCF_001617525.2,P1E602EEF3_00673,uvra,2856,0,False,0,False,True,True
L. plantarum,GCF_001617525.2,P1E602EEF3_01001,liga,2040,0,False,0,False,True,True
L. plantarum,GCF_001617525.2,P1E602EEF3_01201,uvra,2268,0,False,0,False,True,True
L. plantarum,GCF_001617525.2,P1E602EEF3_01382,recn,1695,0,False,0,False,True,True
L. plantarum,GCF_001617525.2,P1E602EEF3_01689,reco,789,0,False,0,False,True,True
L. plantarum,GCF_001617525.2,P1E602EEF3_01977,ruvb,1011,0,False,0,False,True,True
L. plantarum,GCF_001617525.2,P1E602EEF3_01978,ruva,612,0,False,0,False,True,True
L. plantarum,GCF_001617525.2,P1E602EEF3_01983,muts,2691,0,False,0,False,True,True
L. plantarum,GCF_001617525.2,P1E602EEF3_02500,uvra,2508,0,False,0,False,True,True
L. plantarum,GCF_001619265.1,P16677AA66_00198,uvra,2268,0,False,0,False,True,True
L. plantarum,GCF_001619265.1,P16677AA66_00416,uvra,2508,0,False,0,False,True,True
L. plantarum,GCF_001619265.1,P16677AA66_00860,ruva,612,0,False,0,False,True,True
L. plantarum,GCF_001619265.1,P16677AA66_00861,ruvb,1011,0,False,0,False,True,True
L. plantarum,GCF_001619265.1,P16677AA66_01412,recr,600,0,False,0,False,True,True
L. plantarum,GCF_001619265.1,P16677AA66_01572,recn,1695,0,False,0,False,True,True
L. plantarum,GCF_001619265.1,P16677AA66_01969,liga,2040,0,False,0,False,True,True
L. plantarum,GCF_001619265.1,P16677AA66_02170,muts,2691,0,False,0,False,True,True
L. plantarum,GCF_001619265.1,P16677AA66_02508,uvrb,2004,0,False,0,False,True,True
L. plantarum,GCF_001619265.1,P16677AA66_02509,uvra,2856,0,False,0,False,True,True
L. plantarum,GCF_001619265.1,P16677AA66_02661,reco,789,0,False,0,False,True,True
L. plantarum,GCF_009913655.1,P1B9A3FF21_00228,ruvb,1011,0,False,0,False,True,True
L. plantarum,GCF_009913655.1,P1B9A3FF21_00229,ruva,612,0,False,0,False,True,True
L. plantarum,GCF_009913655.1,P1B9A3FF21_00234,muts,2691,0,False,0,False,True,True
L. plantarum,GCF_009913655.1,P1B9A3FF21_00666,uvra,2508,0,False,0,False,True,True
L. plantarum,GCF_009913655.1,P1B9A3FF21_01830,recr,600,0,False,0,False,True,True
L. plantarum,GCF_009913655.1,P1B9A3FF21_01889,uvrb,2004,0,False,0,False,True,True
L. plantarum,GCF_009913655.1,P1B9A3FF21_01890,uvra,2856,0,False,0,False,True,True
L. plantarum,GCF_009913655.1,P1B9A3FF21_02206,liga,2040,0,False,0,False,True,True
L. plantarum,GCF_009913655.1,P1B9A3FF21_02411,uvra,2268,0,False,0,False,True,True
L. plantarum,GCF_009913655.1,P1B9A3FF21_02471,muts,1458,0,False,0,False,True,True
L. plantarum,GCF_009913655.1,P1B9A3FF21_02626,recn,1695,0,False,0,False,True,True
L. plantarum,GCF_009913655.1,P1B9A3FF21_02927,reco,789,0,False,0,False,True,True
L. plantarum,ZPZ,P1C1F7B07C_00429,recr,600,0,False,0,False,True,True
L. plantarum,ZPZ,P1C1F7B07C_00493,uvrb,2004,0,False,0,False,True,True
L. plantarum,ZPZ,P1C1F7B07C_00494,uvra,2856,0,False,0,False,True,True
L. plantarum,ZPZ,P1C1F7B07C_00892,recn,1695,0,False,0,False,True,True
L. plantarum,ZPZ,P1C1F7B07C_00936,reco,789,0,False,0,False,True,True
L. plantarum,ZPZ,P1C1F7B07C_01773,liga,2040,0,False,0,False,True,True
L. plantarum,ZPZ,P1C1F7B07C_02532,uvra,2508,0,False,0,False,True,True
L. plantarum,ZPZ,P1C1F7B07C_02907,ruvb,1011,0,False,0,False,True,True
L. plantarum,ZPZ,P1C1F7B07C_02908,ruva,612,0,False,0,False,True,True
L. plantarum,ZPZ,P1C1F7B07C_02965,uvra,2268,0,False,0,False,True,True
L. plantarum,ZPZ,P1C1F7B07C_03237,muts,519,0,False,0,False,True,True
