species,tip_name,accession,is_focal,target,present,panel
L. rhamnosus,GCF_001066715.1,GCF_001066715.1,False,PerR,1.0,strict13
L. rhamnosus,GCF_001066715.1,GCF_001066715.1,False,OhrR,1.0,strict13
L. rhamnosus,GCF_001066715.1,GCF_001066715.1,False,Catalase,0.0,strict13
L. rhamnosus,GCF_001066715.1,GCF_001066715.1,False,Fur,0.0,strict13
L. rhamnosus,GCF_001066715.1,GCF_001066715.1,False,Rex,1.0,strict13
L. rhamnosus,GCF_001066715.1,GCF_001066715.1,False,Spx,1.0,strict13
L. rhamnosus,GCF_001066715.1,GCF_001066715.1,False,SOD,0.0,strict13
L. rhamnosus,GCF_001066715.1,GCF_001066715.1,False,Nox,1.0,strict13
L. rhamnosus,GCF_001066715.1,GCF_001066715.1,False,Glutathione_system,0.0,strict13
L. rhamnosus,GCF_001066715.1,GCF_001066715.1,False,Thioredoxin_system,1.0,strict13
L. rhamnosus,GCF_001066715.1,GCF_001066715.1,False,RecA,1.0,strict13
L. rhamnosus,GCF_001066715.1,GCF_001066715.1,False,UvrABC,1.0,strict13
L. rhamnosus,GCF_001066715.1,GCF_001066715.1,False,Mn_transport,1.0,strict13
L. rhamnosus,GCF_001067215.1,GCF_001067215.1,False,PerR,1.0,strict13
L. rhamnosus,GCF_001067215.1,GCF_001067215.1,False,OhrR,1.0,strict13
L. rhamnosus,GCF_001067215.1,GCF_001067215.1,False,Catalase,0.0,strict13
L. rhamnosus,GCF_001067215.1,GCF_001067215.1,False,Fur,0.0,strict13
L. rhamnosus,GCF_001067215.1,GCF_001067215.1,False,Rex,1.0,strict13
L. rhamnosus,GCF_001067215.1,GCF_001067215.1,False,Spx,1.0,strict13
L. rhamnosus,GCF_001067215.1,GCF_001067215.1,False,SOD,0.0,strict13
L. rhamnosus,GCF_001067215.1,GCF_001067215.1,False,Nox,1.0,strict13
L. rhamnosus,GCF_001067215.1,GCF_001067215.1,False,Glutathione_system,0.0,strict13
L. rhamnosus,GCF_001067215.1,GCF_001067215.1,False,Thioredoxin_system,1.0,strict13
L. rhamnosus,GCF_001067215.1,GCF_001067215.1,False,RecA,1.0,strict13
L. rhamnosus,GCF_001067215.1,GCF_001067215.1,False,UvrABC,1.0,strict13
L. rhamnosus,GCF_001067215.1,GCF_001067215.1,False,Mn_transport,1.0,strict13
L. rhamnosus,GCF_001063655.1,GCF_001063655.1,False,PerR,1.0,strict13
L. rhamnosus,GCF_001063655.1,GCF_001063655.1,False,OhrR,1.0,strict13
L. rhamnosus,GCF_001063655.1,GCF_001063655.1,False,Catalase,0.0,strict13
L. rhamnosus,GCF_001063655.1,GCF_001063655.1,False,Fur,0.0,strict13
L. rhamnosus,GCF_001063655.1,GCF_001063655.1,False,Rex,1.0,strict13
L. rhamnosus,GCF_001063655.1,GCF_001063655.1,False,Spx,1.0,strict13
L. rhamnosus,GCF_001063655.1,GCF_001063655.1,False,SOD,0.0,strict13
L. rhamnosus,GCF_001063655.1,GCF_001063655.1,False,Nox,1.0,strict13
L. rhamnosus,GCF_001063655.1,GCF_001063655.1,False,Glutathione_system,0.0,strict13
L. rhamnosus,GCF_001063655.1,GCF_001063655.1,False,Thioredoxin_system,1.0,strict13
L. rhamnosus,GCF_001063655.1,GCF_001063655.1,False,RecA,1.0,strict13
L. rhamnosus,GCF_001063655.1,GCF_001063655.1,False,UvrABC,1.0,strict13
L. rhamnosus,GCF_001063655.1,GCF_001063655.1,False,Mn_transport,1.0,strict13
L. rhamnosus,GCF_001065365.1,GCF_001065365.1,False,PerR,1.0,strict13
L. rhamnosus,GCF_001065365.1,GCF_001065365.1,False,OhrR,1.0,strict13
L. rhamnosus,GCF_001065365.1,GCF_001065365.1,False,Catalase,0.0,strict13
L. rhamnosus,GCF_001065365.1,GCF_001065365.1,False,Fur,0.0,strict13
L. rhamnosus,GCF_001065365.1,GCF_001065365.1,False,Rex,1.0,strict13
L. rhamnosus,GCF_001065365.1,GCF_001065365.1,False,Spx,1.0,strict13
L. rhamnosus,GCF_001065365.1,GCF_001065365.1,False,SOD,0.0,strict13
L. rhamnosus,GCF_001065365.1,GCF_001065365.1,False,Nox,1.0,strict13
L. rhamnosus,GCF_001065365.1,GCF_001065365.1,False,Glutathione_system,0.0,strict13
L. rhamnosus,GCF_001065365.1,GCF_001065365.1,False,Thioredoxin_system,1.0,strict13
L. rhamnosus,GCF_001065365.1,GCF_001065365.1,False,RecA,1.0,strict13
L. rhamnosus,GCF_001065365.1,GCF_001065365.1,False,UvrABC,1.0,strict13
L. rhamnosus,GCF_001065365.1,GCF_001065365.1,False,Mn_transport,1.0,strict13
L. rhamnosus,GCF_001068195.1,GCF_001068195.1,False,PerR,1.0,strict13
L. rhamnosus,GCF_001068195.1,GCF_001068195.1,False,OhrR,1.0,strict13
L. rhamnosus,GCF_001068195.1,GCF_001068195.1,False,Catalase,0.0,strict13
L. rhamnosus,GCF_001068195.1,GCF_001068195.1,False,Fur,0.0,strict13
L. rhamnosus,GCF_001068195.1,GCF_001068195.1,False,Rex,1.0,strict13
L. rhamnosus,GCF_001068195.1,GCF_001068195.1,False,Spx,1.0,strict13
L. rhamnosus,GCF_001068195.1,GCF_001068195.1,False,SOD,0.0,strict13
L. rhamnosus,GCF_001068195.1,GCF_001068195.1,False,Nox,1.0,strict13
L. rhamnosus,GCF_001068195.1,GCF_001068195.1,False,Glutathione_system,0.0,strict13
L. rhamnosus,GCF_001068195.1,GCF_001068195.1,False,Thioredoxin_system,1.0,strict13
L. rhamnosus,GCF_001068195.1,GCF_001068195.1,False,RecA,1.0,strict13
L. rhamnosus,GCF_001068195.1,GCF_001068195.1,False,UvrABC,1.0,strict13
L. rhamnosus,GCF_001068195.1,GCF_001068195.1,False,Mn_transport,1.0,strict13
L. rhamnosus,GCF_001068045.1,GCF_001068045.1,False,PerR,1.0,strict13
L. rhamnosus,GCF_001068045.1,GCF_001068045.1,False,OhrR,1.0,strict13
L. rhamnosus,GCF_001068045.1,GCF_001068045.1,False,Catalase,0.0,strict13
L. rhamnosus,GCF_001068045.1,GCF_001068045.1,False,Fur,0.0,strict13
L. rhamnosus,GCF_001068045.1,GCF_001068045.1,False,Rex,1.0,strict13
L. rhamnosus,GCF_001068045.1,GCF_001068045.1,False,Spx,1.0,strict13
L. rhamnosus,GCF_001068045.1,GCF_001068045.1,False,SOD,0.0,strict13
L. rhamnosus,GCF_001068045.1,GCF_001068045.1,False,Nox,1.0,strict13
L. rhamnosus,GCF_001068045.1,GCF_001068045.1,False,Glutathione_system,0.0,strict13
L. rhamnosus,GCF_001068045.1,GCF_001068045.1,False,Thioredoxin_system,1.0,strict13
L. rhamnosus,GCF_001068045.1,GCF_001068045.1,False,RecA,1.0,strict13
L. rhamnosus,GCF_001068045.1,GCF_001068045.1,False,UvrABC,1.0,strict13
L. rhamnosus,GCF_001068045.1,GCF_001068045.1,False,Mn_transport,1.0,strict13
L. rhamnosus,GCF_001590655.1,GCF_001590655.1,False,PerR,1.0,strict13
L. rhamnosus,GCF_001590655.1,GCF_001590655.1,False,OhrR,,strict13
L. rhamnosus,GCF_001590655.1,GCF_001590655.1,False,Catalase,0.0,strict13
L. rhamnosus,GCF_001590655.1,GCF_001590655.1,False,Fur,0.0,strict13
L. rhamnosus,GCF_001590655.1,GCF_001590655.1,False,Rex,1.0,strict13
L. rhamnosus,GCF_001590655.1,GCF_001590655.1,False,Spx,1.0,strict13
L. rhamnosus,GCF_001590655.1,GCF_001590655.1,False,SOD,0.0,strict13
L. rhamnosus,GCF_001590655.1,GCF_001590655.1,False,Nox,1.0,strict13
L. rhamnosus,GCF_001590655.1,GCF_001590655.1,False,Glutathione_system,0.0,strict13
L. rhamnosus,GCF_001590655.1,GCF_001590655.1,False,Thioredoxin_system,1.0,strict13
L. rhamnosus,GCF_001590655.1,GCF_001590655.1,False,RecA,1.0,strict13
L. rhamnosus,GCF_001590655.1,GCF_001590655.1,False,UvrABC,1.0,strict13
L. rhamnosus,GCF_001590655.1,GCF_001590655.1,False,Mn_transport,1.0,strict13
L. rhamnosus,GCF_900636965.1,GCF_900636965.1,False,PerR,1.0,strict13
L. rhamnosus,GCF_900636965.1,GCF_900636965.1,False,OhrR,,strict13
L. rhamnosus,GCF_900636965.1,GCF_900636965.1,False,Catalase,0.0,strict13
L. rhamnosus,GCF_900636965.1,GCF_900636965.1,False,Fur,0.0,strict13
L. rhamnosus,GCF_900636965.1,GCF_900636965.1,False,Rex,1.0,strict13
L. rhamnosus,GCF_900636965.1,GCF_900636965.1,False,Spx,1.0,strict13
L. rhamnosus,GCF_900636965.1,GCF_900636965.1,False,SOD,0.0,strict13
L. rhamnosus,GCF_900636965.1,GCF_900636965.1,False,Nox,1.0,strict13
L. rhamnosus,GCF_900636965.1,GCF_900636965.1,False,Glutathione_system,0.0,strict13
L. rhamnosus,GCF_900636965.1,GCF_900636965.1,False,Thioredoxin_system,1.0,strict13
L. rhamnosus,GCF_900636965.1,GCF_900636965.1,False,RecA,1.0,strict13
L. rhamnosus,GCF_900636965.1,GCF_900636965.1,False,UvrABC,1.0,strict13
L. rhamnosus,GCF_900636965.1,GCF_900636965.1,False,Mn_transport,1.0,strict13
L. rhamnosus,GCF_001067885.1,GCF_001067885.1,False,PerR,1.0,strict13
L. rhamnosus,GCF_001067885.1,GCF_001067885.1,False,OhrR,1.0,strict13
L. rhamnosus,GCF_001067885.1,GCF_001067885.1,False,Catalase,0.0,strict13
L. rhamnosus,GCF_001067885.1,GCF_001067885.1,False,Fur,0.0,strict13
L. rhamnosus,GCF_001067885.1,GCF_001067885.1,False,Rex,1.0,strict13
L. rhamnosus,GCF_001067885.1,GCF_001067885.1,False,Spx,1.0,strict13
L. rhamnosus,GCF_001067885.1,GCF_001067885.1,False,SOD,0.0,strict13
L. rhamnosus,GCF_001067885.1,GCF_001067885.1,False,Nox,1.0,strict13
L. rhamnosus,GCF_001067885.1,GCF_001067885.1,False,Glutathione_system,0.0,strict13
L. rhamnosus,GCF_001067885.1,GCF_001067885.1,False,Thioredoxin_system,1.0,strict13
L. rhamnosus,GCF_001067885.1,GCF_001067885.1,False,RecA,1.0,strict13
L. rhamnosus,GCF_001067885.1,GCF_001067885.1,False,UvrABC,1.0,strict13
L. rhamnosus,GCF_001067885.1,GCF_001067885.1,False,Mn_transport,1.0,strict13
L. rhamnosus,GCF_001368735.1,GCF_001368735.1,False,PerR,1.0,strict13
L. rhamnosus,GCF_001368735.1,GCF_001368735.1,False,OhrR,1.0,strict13
L. rhamnosus,GCF_001368735.1,GCF_001368735.1,False,Catalase,0.0,strict13
L. rhamnosus,GCF_001368735.1,GCF_001368735.1,False,Fur,0.0,strict13
L. rhamnosus,GCF_001368735.1,GCF_001368735.1,False,Rex,1.0,strict13
L. rhamnosus,GCF_001368735.1,GCF_001368735.1,False,Spx,1.0,strict13
L. rhamnosus,GCF_001368735.1,GCF_001368735.1,False,SOD,0.0,strict13
L. rhamnosus,GCF_001368735.1,GCF_001368735.1,False,Nox,1.0,strict13
L. rhamnosus,GCF_001368735.1,GCF_001368735.1,False,Glutathione_system,0.0,strict13
L. rhamnosus,GCF_001368735.1,GCF_001368735.1,False,Thioredoxin_system,1.0,strict13
L. rhamnosus,GCF_001368735.1,GCF_001368735.1,False,RecA,1.0,strict13
L. rhamnosus,GCF_001368735.1,GCF_001368735.1,False,UvrABC,1.0,strict13
L. rhamnosus,GCF_001368735.1,GCF_001368735.1,False,Mn_transport,1.0,strict13
L. rhamnosus,GCF_000814485.1,GCF_000814485.1,False,PerR,1.0,strict13
L. rhamnosus,GCF_000814485.1,GCF_000814485.1,False,OhrR,1.0,strict13
L. rhamnosus,GCF_000814485.1,GCF_000814485.1,False,Catalase,0.0,strict13
L. rhamnosus,GCF_000814485.1,GCF_000814485.1,False,Fur,0.0,strict13
L. rhamnosus,GCF_000814485.1,GCF_000814485.1,False,Rex,1.0,strict13
L. rhamnosus,GCF_000814485.1,GCF_000814485.1,False,Spx,1.0,strict13
L. rhamnosus,GCF_000814485.1,GCF_000814485.1,False,SOD,0.0,strict13
L. rhamnosus,GCF_000814485.1,GCF_000814485.1,False,Nox,1.0,strict13
L. rhamnosus,GCF_000814485.1,GCF_000814485.1,False,Glutathione_system,0.0,strict13
L. rhamnosus,GCF_000814485.1,GCF_000814485.1,False,Thioredoxin_system,1.0,strict13
L. rhamnosus,GCF_000814485.1,GCF_000814485.1,False,RecA,1.0,strict13
L. rhamnosus,GCF_000814485.1,GCF_000814485.1,False,UvrABC,1.0,strict13
L. rhamnosus,GCF_000814485.1,GCF_000814485.1,False,Mn_transport,1.0,strict13
L. rhamnosus,GCF_001645615.1,GCF_001645615.1,False,PerR,1.0,strict13
L. rhamnosus,GCF_001645615.1,GCF_001645615.1,False,OhrR,1.0,strict13
L. rhamnosus,GCF_001645615.1,GCF_001645615.1,False,Catalase,0.0,strict13
L. rhamnosus,GCF_001645615.1,GCF_001645615.1,False,Fur,0.0,strict13
L. rhamnosus,GCF_001645615.1,GCF_001645615.1,False,Rex,1.0,strict13
L. rhamnosus,GCF_001645615.1,GCF_001645615.1,False,Spx,1.0,strict13
L. rhamnosus,GCF_001645615.1,GCF_001645615.1,False,SOD,0.0,strict13
L. rhamnosus,GCF_001645615.1,GCF_001645615.1,False,Nox,1.0,strict13
L. rhamnosus,GCF_001645615.1,GCF_001645615.1,False,Glutathione_system,0.0,strict13
L. rhamnosus,GCF_001645615.1,GCF_001645615.1,False,Thioredoxin_system,1.0,strict13
L. rhamnosus,GCF_001645615.1,GCF_001645615.1,False,RecA,1.0,strict13
L. rhamnosus,GCF_001645615.1,GCF_001645615.1,False,UvrABC,1.0,strict13
L. rhamnosus,GCF_001645615.1,GCF_001645615.1,False,Mn_transport,1.0,strict13
L. rhamnosus,GCF_001005625.1,GCF_001005625.1,False,PerR,1.0,strict13
L. rhamnosus,GCF_001005625.1,GCF_001005625.1,False,OhrR,1.0,strict13
L. rhamnosus,GCF_001005625.1,GCF_001005625.1,False,Catalase,0.0,strict13
L. rhamnosus,GCF_001005625.1,GCF_001005625.1,False,Fur,0.0,strict13
L. rhamnosus,GCF_001005625.1,GCF_001005625.1,False,Rex,1.0,strict13
L. rhamnosus,GCF_001005625.1,GCF_001005625.1,False,Spx,1.0,strict13
L. rhamnosus,GCF_001005625.1,GCF_001005625.1,False,SOD,0.0,strict13
L. rhamnosus,GCF_001005625.1,GCF_001005625.1,False,Nox,1.0,strict13
L. rhamnosus,GCF_001005625.1,GCF_001005625.1,False,Glutathione_system,0.0,strict13
L. rhamnosus,GCF_001005625.1,GCF_001005625.1,False,Thioredoxin_system,1.0,strict13
L. rhamnosus,GCF_001005625.1,GCF_001005625.1,False,RecA,1.0,strict13
L. rhamnosus,GCF_001005625.1,GCF_001005625.1,False,UvrABC,1.0,strict13
L. rhamnosus,GCF_001005625.1,GCF_001005625.1,False,Mn_transport,1.0,strict13
L. rhamnosus,GCF_000801045.1,GCF_000801045.1,False,PerR,1.0,strict13
L. rhamnosus,GCF_000801045.1,GCF_000801045.1,False,OhrR,1.0,strict13
L. rhamnosus,GCF_000801045.1,GCF_000801045.1,False,Catalase,0.0,strict13
L. rhamnosus,GCF_000801045.1,GCF_000801045.1,False,Fur,0.0,strict13
L. rhamnosus,GCF_000801045.1,GCF_000801045.1,False,Rex,1.0,strict13
L. rhamnosus,GCF_000801045.1,GCF_000801045.1,False,Spx,1.0,strict13
L. rhamnosus,GCF_000801045.1,GCF_000801045.1,False,SOD,0.0,strict13
L. rhamnosus,GCF_000801045.1,GCF_000801045.1,False,Nox,1.0,strict13
L. rhamnosus,GCF_000801045.1,GCF_000801045.1,False,Glutathione_system,0.0,strict13
L. rhamnosus,GCF_000801045.1,GCF_000801045.1,False,Thioredoxin_system,1.0,strict13
L. rhamnosus,GCF_000801045.1,GCF_000801045.1,False,RecA,1.0,strict13
L. rhamnosus,GCF_000801045.1,GCF_000801045.1,False,UvrABC,1.0,strict13
L. rhamnosus,GCF_000801045.1,GCF_000801045.1,False,Mn_transport,1.0,strict13
L. rhamnosus,Vahe,Vahe,True,PerR,1.0,strict13
L. rhamnosus,Vahe,Vahe,True,OhrR,1.0,strict13
L. rhamnosus,Vahe,Vahe,True,Catalase,0.0,strict13
L. rhamnosus,Vahe,Vahe,True,Fur,0.0,strict13
L. rhamnosus,Vahe,Vahe,True,Rex,1.0,strict13
L. rhamnosus,Vahe,Vahe,True,Spx,1.0,strict13
L. rhamnosus,Vahe,Vahe,True,SOD,0.0,strict13
L. rhamnosus,Vahe,Vahe,True,Nox,1.0,strict13
L. rhamnosus,Vahe,Vahe,True,Glutathione_system,0.0,strict13
L. rhamnosus,Vahe,Vahe,True,Thioredoxin_system,1.0,strict13
L. rhamnosus,Vahe,Vahe,True,RecA,1.0,strict13
L. rhamnosus,Vahe,Vahe,True,UvrABC,1.0,strict13
L. rhamnosus,Vahe,Vahe,True,Mn_transport,1.0,strict13
L. rhamnosus,GCF_001067625.1,GCF_001067625.1,False,PerR,1.0,strict13
L. rhamnosus,GCF_001067625.1,GCF_001067625.1,False,OhrR,1.0,strict13
L. rhamnosus,GCF_001067625.1,GCF_001067625.1,False,Catalase,0.0,strict13
L. rhamnosus,GCF_001067625.1,GCF_001067625.1,False,Fur,0.0,strict13
L. rhamnosus,GCF_001067625.1,GCF_001067625.1,False,Rex,1.0,strict13
L. rhamnosus,GCF_001067625.1,GCF_001067625.1,False,Spx,1.0,strict13
L. rhamnosus,GCF_001067625.1,GCF_001067625.1,False,SOD,0.0,strict13
L. rhamnosus,GCF_001067625.1,GCF_001067625.1,False,Nox,1.0,strict13
L. rhamnosus,GCF_001067625.1,GCF_001067625.1,False,Glutathione_system,0.0,strict13
L. rhamnosus,GCF_001067625.1,GCF_001067625.1,False,Thioredoxin_system,1.0,strict13
L. rhamnosus,GCF_001067625.1,GCF_001067625.1,False,RecA,1.0,strict13
L. rhamnosus,GCF_001067625.1,GCF_001067625.1,False,UvrABC,1.0,strict13
L. rhamnosus,GCF_001067625.1,GCF_001067625.1,False,Mn_transport,1.0,strict13
L. rhamnosus,GCF_001064515.1,GCF_001064515.1,False,PerR,1.0,strict13
L. rhamnosus,GCF_001064515.1,GCF_001064515.1,False,OhrR,1.0,strict13
L. rhamnosus,GCF_001064515.1,GCF_001064515.1,False,Catalase,0.0,strict13
L. rhamnosus,GCF_001064515.1,GCF_001064515.1,False,Fur,0.0,strict13
L. rhamnosus,GCF_001064515.1,GCF_001064515.1,False,Rex,1.0,strict13
L. rhamnosus,GCF_001064515.1,GCF_001064515.1,False,Spx,1.0,strict13
L. rhamnosus,GCF_001064515.1,GCF_001064515.1,False,SOD,0.0,strict13
L. rhamnosus,GCF_001064515.1,GCF_001064515.1,False,Nox,1.0,strict13
L. rhamnosus,GCF_001064515.1,GCF_001064515.1,False,Glutathione_system,0.0,strict13
L. rhamnosus,GCF_001064515.1,GCF_001064515.1,False,Thioredoxin_system,1.0,strict13
L. rhamnosus,GCF_001064515.1,GCF_001064515.1,False,RecA,1.0,strict13
L. rhamnosus,GCF_001064515.1,GCF_001064515.1,False,UvrABC,1.0,strict13
L. rhamnosus,GCF_001064515.1,GCF_001064515.1,False,Mn_transport,1.0,strict13
L. rhamnosus,GCF_001067335.1,GCF_001067335.1,False,PerR,1.0,strict13
L. rhamnosus,GCF_001067335.1,GCF_001067335.1,False,OhrR,1.0,strict13
L. rhamnosus,GCF_001067335.1,GCF_001067335.1,False,Catalase,0.0,strict13
L. rhamnosus,GCF_001067335.1,GCF_001067335.1,False,Fur,0.0,strict13
L. rhamnosus,GCF_001067335.1,GCF_001067335.1,False,Rex,1.0,strict13
L. rhamnosus,GCF_001067335.1,GCF_001067335.1,False,Spx,1.0,strict13
L. rhamnosus,GCF_001067335.1,GCF_001067335.1,False,SOD,0.0,strict13
L. rhamnosus,GCF_001067335.1,GCF_001067335.1,False,Nox,1.0,strict13
L. rhamnosus,GCF_001067335.1,GCF_001067335.1,False,Glutathione_system,0.0,strict13
L. rhamnosus,GCF_001067335.1,GCF_001067335.1,False,Thioredoxin_system,1.0,strict13
L. rhamnosus,GCF_001067335.1,GCF_001067335.1,False,RecA,1.0,strict13
L. rhamnosus,GCF_001067335.1,GCF_001067335.1,False,UvrABC,1.0,strict13
L. rhamnosus,GCF_001067335.1,GCF_001067335.1,False,Mn_transport,1.0,strict13
L. rhamnosus,GCF_001067025.1,GCF_001067025.1,False,PerR,1.0,strict13
L. rhamnosus,GCF_001067025.1,GCF_001067025.1,False,OhrR,1.0,strict13
L. rhamnosus,GCF_001067025.1,GCF_001067025.1,False,Catalase,0.0,strict13
L. rhamnosus,GCF_001067025.1,GCF_001067025.1,False,Fur,0.0,strict13
L. rhamnosus,GCF_001067025.1,GCF_001067025.1,False,Rex,1.0,strict13
L. rhamnosus,GCF_001067025.1,GCF_001067025.1,False,Spx,1.0,strict13
L. rhamnosus,GCF_001067025.1,GCF_001067025.1,False,SOD,0.0,strict13
L. rhamnosus,GCF_001067025.1,GCF_001067025.1,False,Nox,1.0,strict13
L. rhamnosus,GCF_001067025.1,GCF_001067025.1,False,Glutathione_system,0.0,strict13
L. rhamnosus,GCF_001067025.1,GCF_001067025.1,False,Thioredoxin_system,1.0,strict13
L. rhamnosus,GCF_001067025.1,GCF_001067025.1,False,RecA,1.0,strict13
L. rhamnosus,GCF_001067025.1,GCF_001067025.1,False,UvrABC,1.0,strict13
L. rhamnosus,GCF_001067025.1,GCF_001067025.1,False,Mn_transport,1.0,strict13
L. rhamnosus,GCF_001066975.1,GCF_001066975.1,False,PerR,1.0,strict13
L. rhamnosus,GCF_001066975.1,GCF_001066975.1,False,OhrR,1.0,strict13
L. rhamnosus,GCF_001066975.1,GCF_001066975.1,False,Catalase,0.0,strict13
L. rhamnosus,GCF_001066975.1,GCF_001066975.1,False,Fur,0.0,strict13
L. rhamnosus,GCF_001066975.1,GCF_001066975.1,False,Rex,1.0,strict13
L. rhamnosus,GCF_001066975.1,GCF_001066975.1,False,Spx,1.0,strict13
L. rhamnosus,GCF_001066975.1,GCF_001066975.1,False,SOD,0.0,strict13
L. rhamnosus,GCF_001066975.1,GCF_001066975.1,False,Nox,1.0,strict13
L. rhamnosus,GCF_001066975.1,GCF_001066975.1,False,Glutathione_system,0.0,strict13
L. rhamnosus,GCF_001066975.1,GCF_001066975.1,False,Thioredoxin_system,1.0,strict13
L. rhamnosus,GCF_001066975.1,GCF_001066975.1,False,RecA,1.0,strict13
L. rhamnosus,GCF_001066975.1,GCF_001066975.1,False,UvrABC,1.0,strict13
L. rhamnosus,GCF_001066975.1,GCF_001066975.1,False,Mn_transport,1.0,strict13
L. rhamnosus,GCF_000932035.1,GCF_000932035.1,False,PerR,1.0,strict13
L. rhamnosus,GCF_000932035.1,GCF_000932035.1,False,OhrR,1.0,strict13
L. rhamnosus,GCF_000932035.1,GCF_000932035.1,False,Catalase,0.0,strict13
L. rhamnosus,GCF_000932035.1,GCF_000932035.1,False,Fur,0.0,strict13
L. rhamnosus,GCF_000932035.1,GCF_000932035.1,False,Rex,1.0,strict13
L. rhamnosus,GCF_000932035.1,GCF_000932035.1,False,Spx,1.0,strict13
L. rhamnosus,GCF_000932035.1,GCF_000932035.1,False,SOD,0.0,strict13
L. rhamnosus,GCF_000932035.1,GCF_000932035.1,False,Nox,1.0,strict13
L. rhamnosus,GCF_000932035.1,GCF_000932035.1,False,Glutathione_system,0.0,strict13
L. rhamnosus,GCF_000932035.1,GCF_000932035.1,False,Thioredoxin_system,1.0,strict13
L. rhamnosus,GCF_000932035.1,GCF_000932035.1,False,RecA,1.0,strict13
L. rhamnosus,GCF_000932035.1,GCF_000932035.1,False,UvrABC,1.0,strict13
L. rhamnosus,GCF_000932035.1,GCF_000932035.1,False,Mn_transport,1.0,strict13
L. rhamnosus,GCF_001068215.1,GCF_001068215.1,False,PerR,1.0,strict13
L. rhamnosus,GCF_001068215.1,GCF_001068215.1,False,OhrR,1.0,strict13
L. rhamnosus,GCF_001068215.1,GCF_001068215.1,False,Catalase,0.0,strict13
L. rhamnosus,GCF_001068215.1,GCF_001068215.1,False,Fur,0.0,strict13
L. rhamnosus,GCF_001068215.1,GCF_001068215.1,False,Rex,1.0,strict13
L. rhamnosus,GCF_001068215.1,GCF_001068215.1,False,Spx,1.0,strict13
L. rhamnosus,GCF_001068215.1,GCF_001068215.1,False,SOD,0.0,strict13
L. rhamnosus,GCF_001068215.1,GCF_001068215.1,False,Nox,1.0,strict13
L. rhamnosus,GCF_001068215.1,GCF_001068215.1,False,Glutathione_system,0.0,strict13
L. rhamnosus,GCF_001068215.1,GCF_001068215.1,False,Thioredoxin_system,1.0,strict13
L. rhamnosus,GCF_001068215.1,GCF_001068215.1,False,RecA,1.0,strict13
L. rhamnosus,GCF_001068215.1,GCF_001068215.1,False,UvrABC,1.0,strict13
L. rhamnosus,GCF_001068215.1,GCF_001068215.1,False,Mn_transport,1.0,strict13
L. rhamnosus,GCF_001044025.1,GCF_001044025.1,False,PerR,1.0,strict13
L. rhamnosus,GCF_001044025.1,GCF_001044025.1,False,OhrR,1.0,strict13
L. rhamnosus,GCF_001044025.1,GCF_001044025.1,False,Catalase,0.0,strict13
L. rhamnosus,GCF_001044025.1,GCF_001044025.1,False,Fur,0.0,strict13
L. rhamnosus,GCF_001044025.1,GCF_001044025.1,False,Rex,1.0,strict13
L. rhamnosus,GCF_001044025.1,GCF_001044025.1,False,Spx,1.0,strict13
L. rhamnosus,GCF_001044025.1,GCF_001044025.1,False,SOD,0.0,strict13
L. rhamnosus,GCF_001044025.1,GCF_001044025.1,False,Nox,1.0,strict13
L. rhamnosus,GCF_001044025.1,GCF_001044025.1,False,Glutathione_system,0.0,strict13
L. rhamnosus,GCF_001044025.1,GCF_001044025.1,False,Thioredoxin_system,1.0,strict13
L. rhamnosus,GCF_001044025.1,GCF_001044025.1,False,RecA,1.0,strict13
L. rhamnosus,GCF_001044025.1,GCF_001044025.1,False,UvrABC,1.0,strict13
L. rhamnosus,GCF_001044025.1,GCF_001044025.1,False,Mn_transport,1.0,strict13
L. rhamnosus,GCF_001068015.1,GCF_001068015.1,False,PerR,1.0,strict13
L. rhamnosus,GCF_001068015.1,GCF_001068015.1,False,OhrR,1.0,strict13
L. rhamnosus,GCF_001068015.1,GCF_001068015.1,False,Catalase,0.0,strict13
L. rhamnosus,GCF_001068015.1,GCF_001068015.1,False,Fur,0.0,strict13
L. rhamnosus,GCF_001068015.1,GCF_001068015.1,False,Rex,1.0,strict13
L. rhamnosus,GCF_001068015.1,GCF_001068015.1,False,Spx,1.0,strict13
L. rhamnosus,GCF_001068015.1,GCF_001068015.1,False,SOD,0.0,strict13
L. rhamnosus,GCF_001068015.1,GCF_001068015.1,False,Nox,1.0,strict13
L. rhamnosus,GCF_001068015.1,GCF_001068015.1,False,Glutathione_system,0.0,strict13
L. rhamnosus,GCF_001068015.1,GCF_001068015.1,False,Thioredoxin_system,1.0,strict13
L. rhamnosus,GCF_001068015.1,GCF_001068015.1,False,RecA,1.0,strict13
L. rhamnosus,GCF_001068015.1,GCF_001068015.1,False,UvrABC,1.0,strict13
L. rhamnosus,GCF_001068015.1,GCF_001068015.1,False,Mn_transport,1.0,strict13
L. rhamnosus,GCF_001656545.1,GCF_001656545.1,False,PerR,1.0,strict13
L. rhamnosus,GCF_001656545.1,GCF_001656545.1,False,OhrR,1.0,strict13
L. rhamnosus,GCF_001656545.1,GCF_001656545.1,False,Catalase,0.0,strict13
L. rhamnosus,GCF_001656545.1,GCF_001656545.1,False,Fur,0.0,strict13
L. rhamnosus,GCF_001656545.1,GCF_001656545.1,False,Rex,1.0,strict13
L. rhamnosus,GCF_001656545.1,GCF_001656545.1,False,Spx,1.0,strict13
L. rhamnosus,GCF_001656545.1,GCF_001656545.1,False,SOD,0.0,strict13
L. rhamnosus,GCF_001656545.1,GCF_001656545.1,False,Nox,1.0,strict13
L. rhamnosus,GCF_001656545.1,GCF_001656545.1,False,Glutathione_system,0.0,strict13
L. rhamnosus,GCF_001656545.1,GCF_001656545.1,False,Thioredoxin_system,1.0,strict13
L. rhamnosus,GCF_001656545.1,GCF_001656545.1,False,RecA,1.0,strict13
L. rhamnosus,GCF_001656545.1,GCF_001656545.1,False,UvrABC,1.0,strict13
L. rhamnosus,GCF_001656545.1,GCF_001656545.1,False,Mn_transport,1.0,strict13
L. rhamnosus,GCF_001656535.1,GCF_001656535.1,False,PerR,1.0,strict13
L. rhamnosus,GCF_001656535.1,GCF_001656535.1,False,OhrR,1.0,strict13
L. rhamnosus,GCF_001656535.1,GCF_001656535.1,False,Catalase,0.0,strict13
L. rhamnosus,GCF_001656535.1,GCF_001656535.1,False,Fur,0.0,strict13
L. rhamnosus,GCF_001656535.1,GCF_001656535.1,False,Rex,1.0,strict13
L. rhamnosus,GCF_001656535.1,GCF_001656535.1,False,Spx,1.0,strict13
L. rhamnosus,GCF_001656535.1,GCF_001656535.1,False,SOD,0.0,strict13
L. rhamnosus,GCF_001656535.1,GCF_001656535.1,False,Nox,1.0,strict13
L. rhamnosus,GCF_001656535.1,GCF_001656535.1,False,Glutathione_system,0.0,strict13
L. rhamnosus,GCF_001656535.1,GCF_001656535.1,False,Thioredoxin_system,1.0,strict13
L. rhamnosus,GCF_001656535.1,GCF_001656535.1,False,RecA,1.0,strict13
L. rhamnosus,GCF_001656535.1,GCF_001656535.1,False,UvrABC,1.0,strict13
L. rhamnosus,GCF_001656535.1,GCF_001656535.1,False,Mn_transport,1.0,strict13
L. rhamnosus,GCF_001044415.1,GCF_001044415.1,False,PerR,1.0,strict13
L. rhamnosus,GCF_001044415.1,GCF_001044415.1,False,OhrR,1.0,strict13
L. rhamnosus,GCF_001044415.1,GCF_001044415.1,False,Catalase,0.0,strict13
L. rhamnosus,GCF_001044415.1,GCF_001044415.1,False,Fur,0.0,strict13
L. rhamnosus,GCF_001044415.1,GCF_001044415.1,False,Rex,1.0,strict13
L. rhamnosus,GCF_001044415.1,GCF_001044415.1,False,Spx,1.0,strict13
L. rhamnosus,GCF_001044415.1,GCF_001044415.1,False,SOD,0.0,strict13
L. rhamnosus,GCF_001044415.1,GCF_001044415.1,False,Nox,1.0,strict13
L. rhamnosus,GCF_001044415.1,GCF_001044415.1,False,Glutathione_system,0.0,strict13
L. rhamnosus,GCF_001044415.1,GCF_001044415.1,False,Thioredoxin_system,1.0,strict13
L. rhamnosus,GCF_001044415.1,GCF_001044415.1,False,RecA,1.0,strict13
L. rhamnosus,GCF_001044415.1,GCF_001044415.1,False,UvrABC,,strict13
L. rhamnosus,GCF_001044415.1,GCF_001044415.1,False,Mn_transport,1.0,strict13
L. rhamnosus,GCF_000743075.1,GCF_000743075.1,False,PerR,1.0,strict13
L. rhamnosus,GCF_000743075.1,GCF_000743075.1,False,OhrR,1.0,strict13
L. rhamnosus,GCF_000743075.1,GCF_000743075.1,False,Catalase,0.0,strict13
L. rhamnosus,GCF_000743075.1,GCF_000743075.1,False,Fur,0.0,strict13
L. rhamnosus,GCF_000743075.1,GCF_000743075.1,False,Rex,1.0,strict13
L. rhamnosus,GCF_000743075.1,GCF_000743075.1,False,Spx,1.0,strict13
L. rhamnosus,GCF_000743075.1,GCF_000743075.1,False,SOD,0.0,strict13
L. rhamnosus,GCF_000743075.1,GCF_000743075.1,False,Nox,1.0,strict13
L. rhamnosus,GCF_000743075.1,GCF_000743075.1,False,Glutathione_system,0.0,strict13
L. rhamnosus,GCF_000743075.1,GCF_000743075.1,False,Thioredoxin_system,1.0,strict13
L. rhamnosus,GCF_000743075.1,GCF_000743075.1,False,RecA,1.0,strict13
L. rhamnosus,GCF_000743075.1,GCF_000743075.1,False,UvrABC,1.0,strict13
L. rhamnosus,GCF_000743075.1,GCF_000743075.1,False,Mn_transport,1.0,strict13
L. rhamnosus,GCF_001062885.1,GCF_001062885.1,False,PerR,1.0,strict13
L. rhamnosus,GCF_001062885.1,GCF_001062885.1,False,OhrR,1.0,strict13
L. rhamnosus,GCF_001062885.1,GCF_001062885.1,False,Catalase,0.0,strict13
L. rhamnosus,GCF_001062885.1,GCF_001062885.1,False,Fur,0.0,strict13
L. rhamnosus,GCF_001062885.1,GCF_001062885.1,False,Rex,1.0,strict13
L. rhamnosus,GCF_001062885.1,GCF_001062885.1,False,Spx,1.0,strict13
L. rhamnosus,GCF_001062885.1,GCF_001062885.1,False,SOD,0.0,strict13
L. rhamnosus,GCF_001062885.1,GCF_001062885.1,False,Nox,1.0,strict13
L. rhamnosus,GCF_001062885.1,GCF_001062885.1,False,Glutathione_system,0.0,strict13
L. rhamnosus,GCF_001062885.1,GCF_001062885.1,False,Thioredoxin_system,1.0,strict13
L. rhamnosus,GCF_001062885.1,GCF_001062885.1,False,RecA,1.0,strict13
L. rhamnosus,GCF_001062885.1,GCF_001062885.1,False,UvrABC,1.0,strict13
L. rhamnosus,GCF_001062885.1,GCF_001062885.1,False,Mn_transport,1.0,strict13
L. rhamnosus,GCF_001064785.1,GCF_001064785.1,False,PerR,1.0,strict13
L. rhamnosus,GCF_001064785.1,GCF_001064785.1,False,OhrR,1.0,strict13
L. rhamnosus,GCF_001064785.1,GCF_001064785.1,False,Catalase,0.0,strict13
L. rhamnosus,GCF_001064785.1,GCF_001064785.1,False,Fur,0.0,strict13
L. rhamnosus,GCF_001064785.1,GCF_001064785.1,False,Rex,1.0,strict13
L. rhamnosus,GCF_001064785.1,GCF_001064785.1,False,Spx,1.0,strict13
L. rhamnosus,GCF_001064785.1,GCF_001064785.1,False,SOD,0.0,strict13
L. rhamnosus,GCF_001064785.1,GCF_001064785.1,False,Nox,1.0,strict13
L. rhamnosus,GCF_001064785.1,GCF_001064785.1,False,Glutathione_system,0.0,strict13
L. rhamnosus,GCF_001064785.1,GCF_001064785.1,False,Thioredoxin_system,1.0,strict13
L. rhamnosus,GCF_001064785.1,GCF_001064785.1,False,RecA,1.0,strict13
L. rhamnosus,GCF_001064785.1,GCF_001064785.1,False,UvrABC,,strict13
L. rhamnosus,GCF_001064785.1,GCF_001064785.1,False,Mn_transport,1.0,strict13
L. rhamnosus,GCF_001062955.1,GCF_001062955.1,False,PerR,1.0,strict13
L. rhamnosus,GCF_001062955.1,GCF_001062955.1,False,OhrR,1.0,strict13
L. rhamnosus,GCF_001062955.1,GCF_001062955.1,False,Catalase,0.0,strict13
L. rhamnosus,GCF_001062955.1,GCF_001062955.1,False,Fur,0.0,strict13
L. rhamnosus,GCF_001062955.1,GCF_001062955.1,False,Rex,1.0,strict13
L. rhamnosus,GCF_001062955.1,GCF_001062955.1,False,Spx,1.0,strict13
L. rhamnosus,GCF_001062955.1,GCF_001062955.1,False,SOD,0.0,strict13
L. rhamnosus,GCF_001062955.1,GCF_001062955.1,False,Nox,1.0,strict13
L. rhamnosus,GCF_001062955.1,GCF_001062955.1,False,Glutathione_system,0.0,strict13
L. rhamnosus,GCF_001062955.1,GCF_001062955.1,False,Thioredoxin_system,1.0,strict13
L. rhamnosus,GCF_001062955.1,GCF_001062955.1,False,RecA,1.0,strict13
L. rhamnosus,GCF_001062955.1,GCF_001062955.1,False,UvrABC,1.0,strict13
L. rhamnosus,GCF_001062955.1,GCF_001062955.1,False,Mn_transport,1.0,strict13
L. delbrueckii,GCF_021600585.1,GCF_021600585.1,False,PerR,0.0,strict13
L. delbrueckii,GCF_021600585.1,GCF_021600585.1,False,OhrR,0.0,strict13
L. delbrueckii,GCF_021600585.1,GCF_021600585.1,False,Catalase,0.0,strict13
L. delbrueckii,GCF_021600585.1,GCF_021600585.1,False,Fur,0.0,strict13
L. delbrueckii,GCF_021600585.1,GCF_021600585.1,False,Rex,1.0,strict13
L. delbrueckii,GCF_021600585.1,GCF_021600585.1,False,Spx,1.0,strict13
L. delbrueckii,GCF_021600585.1,GCF_021600585.1,False,SOD,0.0,strict13
L. delbrueckii,GCF_021600585.1,GCF_021600585.1,False,Nox,0.0,strict13
L. delbrueckii,GCF_021600585.1,GCF_021600585.1,False,Glutathione_system,0.0,strict13
L. delbrueckii,GCF_021600585.1,GCF_021600585.1,False,Thioredoxin_system,1.0,strict13
L. delbrueckii,GCF_021600585.1,GCF_021600585.1,False,RecA,1.0,strict13
L. delbrueckii,GCF_021600585.1,GCF_021600585.1,False,UvrABC,,strict13
L. delbrueckii,GCF_021600585.1,GCF_021600585.1,False,Mn_transport,0.0,strict13
L. delbrueckii,GCF_021600605.1,GCF_021600605.1,False,PerR,0.0,strict13
L. delbrueckii,GCF_021600605.1,GCF_021600605.1,False,OhrR,0.0,strict13
L. delbrueckii,GCF_021600605.1,GCF_021600605.1,False,Catalase,0.0,strict13
L. delbrueckii,GCF_021600605.1,GCF_021600605.1,False,Fur,0.0,strict13
L. delbrueckii,GCF_021600605.1,GCF_021600605.1,False,Rex,1.0,strict13
L. delbrueckii,GCF_021600605.1,GCF_021600605.1,False,Spx,1.0,strict13
L. delbrueckii,GCF_021600605.1,GCF_021600605.1,False,SOD,0.0,strict13
L. delbrueckii,GCF_021600605.1,GCF_021600605.1,False,Nox,0.0,strict13
L. delbrueckii,GCF_021600605.1,GCF_021600605.1,False,Glutathione_system,0.0,strict13
L. delbrueckii,GCF_021600605.1,GCF_021600605.1,False,Thioredoxin_system,1.0,strict13
L. delbrueckii,GCF_021600605.1,GCF_021600605.1,False,RecA,1.0,strict13
L. delbrueckii,GCF_021600605.1,GCF_021600605.1,False,UvrABC,1.0,strict13
L. delbrueckii,GCF_021600605.1,GCF_021600605.1,False,Mn_transport,0.0,strict13
L. delbrueckii,GCF_021600625.1,GCF_021600625.1,False,PerR,0.0,strict13
L. delbrueckii,GCF_021600625.1,GCF_021600625.1,False,OhrR,0.0,strict13
L. delbrueckii,GCF_021600625.1,GCF_021600625.1,False,Catalase,0.0,strict13
L. delbrueckii,GCF_021600625.1,GCF_021600625.1,False,Fur,0.0,strict13
L. delbrueckii,GCF_021600625.1,GCF_021600625.1,False,Rex,1.0,strict13
L. delbrueckii,GCF_021600625.1,GCF_021600625.1,False,Spx,1.0,strict13
L. delbrueckii,GCF_021600625.1,GCF_021600625.1,False,SOD,0.0,strict13
L. delbrueckii,GCF_021600625.1,GCF_021600625.1,False,Nox,0.0,strict13
L. delbrueckii,GCF_021600625.1,GCF_021600625.1,False,Glutathione_system,0.0,strict13
L. delbrueckii,GCF_021600625.1,GCF_021600625.1,False,Thioredoxin_system,1.0,strict13
L. delbrueckii,GCF_021600625.1,GCF_021600625.1,False,RecA,1.0,strict13
L. delbrueckii,GCF_021600625.1,GCF_021600625.1,False,UvrABC,1.0,strict13
L. delbrueckii,GCF_021600625.1,GCF_021600625.1,False,Mn_transport,0.0,strict13
L. delbrueckii,GCF_021600185.1,GCF_021600185.1,False,PerR,0.0,strict13
L. delbrueckii,GCF_021600185.1,GCF_021600185.1,False,OhrR,0.0,strict13
L. delbrueckii,GCF_021600185.1,GCF_021600185.1,False,Catalase,0.0,strict13
L. delbrueckii,GCF_021600185.1,GCF_021600185.1,False,Fur,0.0,strict13
L. delbrueckii,GCF_021600185.1,GCF_021600185.1,False,Rex,1.0,strict13
L. delbrueckii,GCF_021600185.1,GCF_021600185.1,False,Spx,1.0,strict13
L. delbrueckii,GCF_021600185.1,GCF_021600185.1,False,SOD,0.0,strict13
L. delbrueckii,GCF_021600185.1,GCF_021600185.1,False,Nox,0.0,strict13
L. delbrueckii,GCF_021600185.1,GCF_021600185.1,False,Glutathione_system,0.0,strict13
L. delbrueckii,GCF_021600185.1,GCF_021600185.1,False,Thioredoxin_system,1.0,strict13
L. delbrueckii,GCF_021600185.1,GCF_021600185.1,False,RecA,1.0,strict13
L. delbrueckii,GCF_021600185.1,GCF_021600185.1,False,UvrABC,1.0,strict13
L. delbrueckii,GCF_021600185.1,GCF_021600185.1,False,Mn_transport,0.0,strict13
L. delbrueckii,GCF_021600205.1,GCF_021600205.1,False,PerR,0.0,strict13
L. delbrueckii,GCF_021600205.1,GCF_021600205.1,False,OhrR,0.0,strict13
L. delbrueckii,GCF_021600205.1,GCF_021600205.1,False,Catalase,0.0,strict13
L. delbrueckii,GCF_021600205.1,GCF_021600205.1,False,Fur,0.0,strict13
L. delbrueckii,GCF_021600205.1,GCF_021600205.1,False,Rex,1.0,strict13
L. delbrueckii,GCF_021600205.1,GCF_021600205.1,False,Spx,1.0,strict13
L. delbrueckii,GCF_021600205.1,GCF_021600205.1,False,SOD,0.0,strict13
L. delbrueckii,GCF_021600205.1,GCF_021600205.1,False,Nox,0.0,strict13
L. delbrueckii,GCF_021600205.1,GCF_021600205.1,False,Glutathione_system,0.0,strict13
L. delbrueckii,GCF_021600205.1,GCF_021600205.1,False,Thioredoxin_system,1.0,strict13
L. delbrueckii,GCF_021600205.1,GCF_021600205.1,False,RecA,1.0,strict13
L. delbrueckii,GCF_021600205.1,GCF_021600205.1,False,UvrABC,1.0,strict13
L. delbrueckii,GCF_021600205.1,GCF_021600205.1,False,Mn_transport,0.0,strict13
L. delbrueckii,GCF_002847905.1,GCF_002847905.1,False,PerR,0.0,strict13
L. delbrueckii,GCF_002847905.1,GCF_002847905.1,False,OhrR,0.0,strict13
L. delbrueckii,GCF_002847905.1,GCF_002847905.1,False,Catalase,0.0,strict13
L. delbrueckii,GCF_002847905.1,GCF_002847905.1,False,Fur,0.0,strict13
L. delbrueckii,GCF_002847905.1,GCF_002847905.1,False,Rex,1.0,strict13
L. delbrueckii,GCF_002847905.1,GCF_002847905.1,False,Spx,1.0,strict13
L. delbrueckii,GCF_002847905.1,GCF_002847905.1,False,SOD,0.0,strict13
L. delbrueckii,GCF_002847905.1,GCF_002847905.1,False,Nox,0.0,strict13
L. delbrueckii,GCF_002847905.1,GCF_002847905.1,False,Glutathione_system,0.0,strict13
L. delbrueckii,GCF_002847905.1,GCF_002847905.1,False,Thioredoxin_system,1.0,strict13
L. delbrueckii,GCF_002847905.1,GCF_002847905.1,False,RecA,1.0,strict13
L. delbrueckii,GCF_002847905.1,GCF_002847905.1,False,UvrABC,1.0,strict13
L. delbrueckii,GCF_002847905.1,GCF_002847905.1,False,Mn_transport,0.0,strict13
L. delbrueckii,GCF_021600385.1,GCF_021600385.1,False,PerR,0.0,strict13
L. delbrueckii,GCF_021600385.1,GCF_021600385.1,False,OhrR,0.0,strict13
L. delbrueckii,GCF_021600385.1,GCF_021600385.1,False,Catalase,0.0,strict13
L. delbrueckii,GCF_021600385.1,GCF_021600385.1,False,Fur,0.0,strict13
L. delbrueckii,GCF_021600385.1,GCF_021600385.1,False,Rex,1.0,strict13
L. delbrueckii,GCF_021600385.1,GCF_021600385.1,False,Spx,1.0,strict13
L. delbrueckii,GCF_021600385.1,GCF_021600385.1,False,SOD,0.0,strict13
L. delbrueckii,GCF_021600385.1,GCF_021600385.1,False,Nox,0.0,strict13
L. delbrueckii,GCF_021600385.1,GCF_021600385.1,False,Glutathione_system,0.0,strict13
L. delbrueckii,GCF_021600385.1,GCF_021600385.1,False,Thioredoxin_system,1.0,strict13
L. delbrueckii,GCF_021600385.1,GCF_021600385.1,False,RecA,1.0,strict13
L. delbrueckii,GCF_021600385.1,GCF_021600385.1,False,UvrABC,1.0,strict13
L. delbrueckii,GCF_021600385.1,GCF_021600385.1,False,Mn_transport,0.0,strict13
L. delbrueckii,GCF_021600405.1,GCF_021600405.1,False,PerR,0.0,strict13
L. delbrueckii,GCF_021600405.1,GCF_021600405.1,False,OhrR,0.0,strict13
L. delbrueckii,GCF_021600405.1,GCF_021600405.1,False,Catalase,0.0,strict13
L. delbrueckii,GCF_021600405.1,GCF_021600405.1,False,Fur,0.0,strict13
L. delbrueckii,GCF_021600405.1,GCF_021600405.1,False,Rex,1.0,strict13
L. delbrueckii,GCF_021600405.1,GCF_021600405.1,False,Spx,1.0,strict13
L. delbrueckii,GCF_021600405.1,GCF_021600405.1,False,SOD,0.0,strict13
L. delbrueckii,GCF_021600405.1,GCF_021600405.1,False,Nox,0.0,strict13
L. delbrueckii,GCF_021600405.1,GCF_021600405.1,False,Glutathione_system,0.0,strict13
L. delbrueckii,GCF_021600405.1,GCF_021600405.1,False,Thioredoxin_system,1.0,strict13
L. delbrueckii,GCF_021600405.1,GCF_021600405.1,False,RecA,1.0,strict13
L. delbrueckii,GCF_021600405.1,GCF_021600405.1,False,UvrABC,1.0,strict13
L. delbrueckii,GCF_021600405.1,GCF_021600405.1,False,Mn_transport,0.0,strict13
L. delbrueckii,GCF_021600465.1,GCF_021600465.1,False,PerR,0.0,strict13
L. delbrueckii,GCF_021600465.1,GCF_021600465.1,False,OhrR,0.0,strict13
L. delbrueckii,GCF_021600465.1,GCF_021600465.1,False,Catalase,0.0,strict13
L. delbrueckii,GCF_021600465.1,GCF_021600465.1,False,Fur,0.0,strict13
L. delbrueckii,GCF_021600465.1,GCF_021600465.1,False,Rex,1.0,strict13
L. delbrueckii,GCF_021600465.1,GCF_021600465.1,False,Spx,1.0,strict13
L. delbrueckii,GCF_021600465.1,GCF_021600465.1,False,SOD,0.0,strict13
L. delbrueckii,GCF_021600465.1,GCF_021600465.1,False,Nox,0.0,strict13
L. delbrueckii,GCF_021600465.1,GCF_021600465.1,False,Glutathione_system,0.0,strict13
L. delbrueckii,GCF_021600465.1,GCF_021600465.1,False,Thioredoxin_system,1.0,strict13
L. delbrueckii,GCF_021600465.1,GCF_021600465.1,False,RecA,1.0,strict13
L. delbrueckii,GCF_021600465.1,GCF_021600465.1,False,UvrABC,1.0,strict13
L. delbrueckii,GCF_021600465.1,GCF_021600465.1,False,Mn_transport,0.0,strict13
L. delbrueckii,GCF_021600485.1,GCF_021600485.1,False,PerR,0.0,strict13
L. delbrueckii,GCF_021600485.1,GCF_021600485.1,False,OhrR,0.0,strict13
L. delbrueckii,GCF_021600485.1,GCF_021600485.1,False,Catalase,0.0,strict13
L. delbrueckii,GCF_021600485.1,GCF_021600485.1,False,Fur,0.0,strict13
L. delbrueckii,GCF_021600485.1,GCF_021600485.1,False,Rex,1.0,strict13
L. delbrueckii,GCF_021600485.1,GCF_021600485.1,False,Spx,1.0,strict13
L. delbrueckii,GCF_021600485.1,GCF_021600485.1,False,SOD,0.0,strict13
L. delbrueckii,GCF_021600485.1,GCF_021600485.1,False,Nox,0.0,strict13
L. delbrueckii,GCF_021600485.1,GCF_021600485.1,False,Glutathione_system,0.0,strict13
L. delbrueckii,GCF_021600485.1,GCF_021600485.1,False,Thioredoxin_system,1.0,strict13
L. delbrueckii,GCF_021600485.1,GCF_021600485.1,False,RecA,1.0,strict13
L. delbrueckii,GCF_021600485.1,GCF_021600485.1,False,UvrABC,1.0,strict13
L. delbrueckii,GCF_021600485.1,GCF_021600485.1,False,Mn_transport,0.0,strict13
L. delbrueckii,GCF_021600425.1,GCF_021600425.1,False,PerR,0.0,strict13
L. delbrueckii,GCF_021600425.1,GCF_021600425.1,False,OhrR,0.0,strict13
L. delbrueckii,GCF_021600425.1,GCF_021600425.1,False,Catalase,0.0,strict13
L. delbrueckii,GCF_021600425.1,GCF_021600425.1,False,Fur,0.0,strict13
L. delbrueckii,GCF_021600425.1,GCF_021600425.1,False,Rex,1.0,strict13
L. delbrueckii,GCF_021600425.1,GCF_021600425.1,False,Spx,1.0,strict13
L. delbrueckii,GCF_021600425.1,GCF_021600425.1,False,SOD,0.0,strict13
L. delbrueckii,GCF_021600425.1,GCF_021600425.1,False,Nox,0.0,strict13
L. delbrueckii,GCF_021600425.1,GCF_021600425.1,False,Glutathione_system,0.0,strict13
L. delbrueckii,GCF_021600425.1,GCF_021600425.1,False,Thioredoxin_system,1.0,strict13
L. delbrueckii,GCF_021600425.1,GCF_021600425.1,False,RecA,1.0,strict13
L. delbrueckii,GCF_021600425.1,GCF_021600425.1,False,UvrABC,1.0,strict13
L. delbrueckii,GCF_021600425.1,GCF_021600425.1,False,Mn_transport,0.0,strict13
L. delbrueckii,GCF_021600545.1,GCF_021600545.1,False,PerR,0.0,strict13
L. delbrueckii,GCF_021600545.1,GCF_021600545.1,False,OhrR,0.0,strict13
L. delbrueckii,GCF_021600545.1,GCF_021600545.1,False,Catalase,0.0,strict13
L. delbrueckii,GCF_021600545.1,GCF_021600545.1,False,Fur,0.0,strict13
L. delbrueckii,GCF_021600545.1,GCF_021600545.1,False,Rex,1.0,strict13
L. delbrueckii,GCF_021600545.1,GCF_021600545.1,False,Spx,1.0,strict13
L. delbrueckii,GCF_021600545.1,GCF_021600545.1,False,SOD,0.0,strict13
L. delbrueckii,GCF_021600545.1,GCF_021600545.1,False,Nox,0.0,strict13
L. delbrueckii,GCF_021600545.1,GCF_021600545.1,False,Glutathione_system,0.0,strict13
L. delbrueckii,GCF_021600545.1,GCF_021600545.1,False,Thioredoxin_system,1.0,strict13
L. delbrueckii,GCF_021600545.1,GCF_021600545.1,False,RecA,1.0,strict13
L. delbrueckii,GCF_021600545.1,GCF_021600545.1,False,UvrABC,1.0,strict13
L. delbrueckii,GCF_021600545.1,GCF_021600545.1,False,Mn_transport,0.0,strict13
L. delbrueckii,GCF_021600345.1,GCF_021600345.1,False,PerR,0.0,strict13
L. delbrueckii,GCF_021600345.1,GCF_021600345.1,False,OhrR,0.0,strict13
L. delbrueckii,GCF_021600345.1,GCF_021600345.1,False,Catalase,0.0,strict13
L. delbrueckii,GCF_021600345.1,GCF_021600345.1,False,Fur,0.0,strict13
L. delbrueckii,GCF_021600345.1,GCF_021600345.1,False,Rex,1.0,strict13
L. delbrueckii,GCF_021600345.1,GCF_021600345.1,False,Spx,1.0,strict13
L. delbrueckii,GCF_021600345.1,GCF_021600345.1,False,SOD,0.0,strict13
L. delbrueckii,GCF_021600345.1,GCF_021600345.1,False,Nox,0.0,strict13
L. delbrueckii,GCF_021600345.1,GCF_021600345.1,False,Glutathione_system,0.0,strict13
L. delbrueckii,GCF_021600345.1,GCF_021600345.1,False,Thioredoxin_system,1.0,strict13
L. delbrueckii,GCF_021600345.1,GCF_021600345.1,False,RecA,1.0,strict13
L. delbrueckii,GCF_021600345.1,GCF_021600345.1,False,UvrABC,1.0,strict13
L. delbrueckii,GCF_021600345.1,GCF_021600345.1,False,Mn_transport,0.0,strict13
L. delbrueckii,GCF_021600645.1,GCF_021600645.1,False,PerR,0.0,strict13
L. delbrueckii,GCF_021600645.1,GCF_021600645.1,False,OhrR,0.0,strict13
L. delbrueckii,GCF_021600645.1,GCF_021600645.1,False,Catalase,0.0,strict13
L. delbrueckii,GCF_021600645.1,GCF_021600645.1,False,Fur,0.0,strict13
L. delbrueckii,GCF_021600645.1,GCF_021600645.1,False,Rex,1.0,strict13
L. delbrueckii,GCF_021600645.1,GCF_021600645.1,False,Spx,1.0,strict13
L. delbrueckii,GCF_021600645.1,GCF_021600645.1,False,SOD,0.0,strict13
L. delbrueckii,GCF_021600645.1,GCF_021600645.1,False,Nox,0.0,strict13
L. delbrueckii,GCF_021600645.1,GCF_021600645.1,False,Glutathione_system,0.0,strict13
L. delbrueckii,GCF_021600645.1,GCF_021600645.1,False,Thioredoxin_system,1.0,strict13
L. delbrueckii,GCF_021600645.1,GCF_021600645.1,False,RecA,1.0,strict13
L. delbrueckii,GCF_021600645.1,GCF_021600645.1,False,UvrABC,1.0,strict13
L. delbrueckii,GCF_021600645.1,GCF_021600645.1,False,Mn_transport,0.0,strict13
L. delbrueckii,GCF_021600245.1,GCF_021600245.1,False,PerR,0.0,strict13
L. delbrueckii,GCF_021600245.1,GCF_021600245.1,False,OhrR,0.0,strict13
L. delbrueckii,GCF_021600245.1,GCF_021600245.1,False,Catalase,0.0,strict13
L. delbrueckii,GCF_021600245.1,GCF_021600245.1,False,Fur,0.0,strict13
L. delbrueckii,GCF_021600245.1,GCF_021600245.1,False,Rex,1.0,strict13
L. delbrueckii,GCF_021600245.1,GCF_021600245.1,False,Spx,0.0,strict13
L. delbrueckii,GCF_021600245.1,GCF_021600245.1,False,SOD,0.0,strict13
L. delbrueckii,GCF_021600245.1,GCF_021600245.1,False,Nox,0.0,strict13
L. delbrueckii,GCF_021600245.1,GCF_021600245.1,False,Glutathione_system,0.0,strict13
L. delbrueckii,GCF_021600245.1,GCF_021600245.1,False,Thioredoxin_system,1.0,strict13
L. delbrueckii,GCF_021600245.1,GCF_021600245.1,False,RecA,1.0,strict13
L. delbrueckii,GCF_021600245.1,GCF_021600245.1,False,UvrABC,1.0,strict13
L. delbrueckii,GCF_021600245.1,GCF_021600245.1,False,Mn_transport,0.0,strict13
L. delbrueckii,GCF_021600565.1,GCF_021600565.1,False,PerR,0.0,strict13
L. delbrueckii,GCF_021600565.1,GCF_021600565.1,False,OhrR,0.0,strict13
L. delbrueckii,GCF_021600565.1,GCF_021600565.1,False,Catalase,0.0,strict13
L. delbrueckii,GCF_021600565.1,GCF_021600565.1,False,Fur,0.0,strict13
L. delbrueckii,GCF_021600565.1,GCF_021600565.1,False,Rex,1.0,strict13
L. delbrueckii,GCF_021600565.1,GCF_021600565.1,False,Spx,1.0,strict13
L. delbrueckii,GCF_021600565.1,GCF_021600565.1,False,SOD,0.0,strict13
L. delbrueckii,GCF_021600565.1,GCF_021600565.1,False,Nox,0.0,strict13
L. delbrueckii,GCF_021600565.1,GCF_021600565.1,False,Glutathione_system,0.0,strict13
L. delbrueckii,GCF_021600565.1,GCF_021600565.1,False,Thioredoxin_system,1.0,strict13
L. delbrueckii,GCF_021600565.1,GCF_021600565.1,False,RecA,1.0,strict13
L. delbrueckii,GCF_021600565.1,GCF_021600565.1,False,UvrABC,1.0,strict13
L. delbrueckii,GCF_021600565.1,GCF_021600565.1,False,Mn_transport,0.0,strict13
L. delbrueckii,GCF_004211505.1,GCF_004211505.1,False,PerR,0.0,strict13
L. delbrueckii,GCF_004211505.1,GCF_004211505.1,False,OhrR,0.0,strict13
L. delbrueckii,GCF_004211505.1,GCF_004211505.1,False,Catalase,0.0,strict13
L. delbrueckii,GCF_004211505.1,GCF_004211505.1,False,Fur,0.0,strict13
L. delbrueckii,GCF_004211505.1,GCF_004211505.1,False,Rex,1.0,strict13
L. delbrueckii,GCF_004211505.1,GCF_004211505.1,False,Spx,1.0,strict13
L. delbrueckii,GCF_004211505.1,GCF_004211505.1,False,SOD,0.0,strict13
L. delbrueckii,GCF_004211505.1,GCF_004211505.1,False,Nox,0.0,strict13
L. delbrueckii,GCF_004211505.1,GCF_004211505.1,False,Glutathione_system,0.0,strict13
L. delbrueckii,GCF_004211505.1,GCF_004211505.1,False,Thioredoxin_system,1.0,strict13
L. delbrueckii,GCF_004211505.1,GCF_004211505.1,False,RecA,1.0,strict13
L. delbrueckii,GCF_004211505.1,GCF_004211505.1,False,UvrABC,1.0,strict13
L. delbrueckii,GCF_004211505.1,GCF_004211505.1,False,Mn_transport,0.0,strict13
L. delbrueckii,GCF_004211735.1,GCF_004211735.1,False,PerR,0.0,strict13
L. delbrueckii,GCF_004211735.1,GCF_004211735.1,False,OhrR,0.0,strict13
L. delbrueckii,GCF_004211735.1,GCF_004211735.1,False,Catalase,0.0,strict13
L. delbrueckii,GCF_004211735.1,GCF_004211735.1,False,Fur,0.0,strict13
L. delbrueckii,GCF_004211735.1,GCF_004211735.1,False,Rex,1.0,strict13
L. delbrueckii,GCF_004211735.1,GCF_004211735.1,False,Spx,1.0,strict13
L. delbrueckii,GCF_004211735.1,GCF_004211735.1,False,SOD,0.0,strict13
L. delbrueckii,GCF_004211735.1,GCF_004211735.1,False,Nox,0.0,strict13
L. delbrueckii,GCF_004211735.1,GCF_004211735.1,False,Glutathione_system,0.0,strict13
L. delbrueckii,GCF_004211735.1,GCF_004211735.1,False,Thioredoxin_system,1.0,strict13
L. delbrueckii,GCF_004211735.1,GCF_004211735.1,False,RecA,1.0,strict13
L. delbrueckii,GCF_004211735.1,GCF_004211735.1,False,UvrABC,1.0,strict13
L. delbrueckii,GCF_004211735.1,GCF_004211735.1,False,Mn_transport,0.0,strict13
L. delbrueckii,GCF_021600265.1,GCF_021600265.1,False,PerR,0.0,strict13
L. delbrueckii,GCF_021600265.1,GCF_021600265.1,False,OhrR,0.0,strict13
L. delbrueckii,GCF_021600265.1,GCF_021600265.1,False,Catalase,0.0,strict13
L. delbrueckii,GCF_021600265.1,GCF_021600265.1,False,Fur,0.0,strict13
L. delbrueckii,GCF_021600265.1,GCF_021600265.1,False,Rex,1.0,strict13
L. delbrueckii,GCF_021600265.1,GCF_021600265.1,False,Spx,1.0,strict13
L. delbrueckii,GCF_021600265.1,GCF_021600265.1,False,SOD,0.0,strict13
L. delbrueckii,GCF_021600265.1,GCF_021600265.1,False,Nox,0.0,strict13
L. delbrueckii,GCF_021600265.1,GCF_021600265.1,False,Glutathione_system,0.0,strict13
L. delbrueckii,GCF_021600265.1,GCF_021600265.1,False,Thioredoxin_system,1.0,strict13
L. delbrueckii,GCF_021600265.1,GCF_021600265.1,False,RecA,1.0,strict13
L. delbrueckii,GCF_021600265.1,GCF_021600265.1,False,UvrABC,1.0,strict13
L. delbrueckii,GCF_021600265.1,GCF_021600265.1,False,Mn_transport,0.0,strict13
L. delbrueckii,GCF_014830125.1,GCF_014830125.1,False,PerR,0.0,strict13
L. delbrueckii,GCF_014830125.1,GCF_014830125.1,False,OhrR,0.0,strict13
L. delbrueckii,GCF_014830125.1,GCF_014830125.1,False,Catalase,0.0,strict13
L. delbrueckii,GCF_014830125.1,GCF_014830125.1,False,Fur,0.0,strict13
L. delbrueckii,GCF_014830125.1,GCF_014830125.1,False,Rex,1.0,strict13
L. delbrueckii,GCF_014830125.1,GCF_014830125.1,False,Spx,1.0,strict13
L. delbrueckii,GCF_014830125.1,GCF_014830125.1,False,SOD,0.0,strict13
L. delbrueckii,GCF_014830125.1,GCF_014830125.1,False,Nox,0.0,strict13
L. delbrueckii,GCF_014830125.1,GCF_014830125.1,False,Glutathione_system,0.0,strict13
L. delbrueckii,GCF_014830125.1,GCF_014830125.1,False,Thioredoxin_system,1.0,strict13
L. delbrueckii,GCF_014830125.1,GCF_014830125.1,False,RecA,1.0,strict13
L. delbrueckii,GCF_014830125.1,GCF_014830125.1,False,UvrABC,1.0,strict13
L. delbrueckii,GCF_014830125.1,GCF_014830125.1,False,Mn_transport,0.0,strict13
L. delbrueckii,GCF_019583415.1,GCF_019583415.1,False,PerR,0.0,strict13
L. delbrueckii,GCF_019583415.1,GCF_019583415.1,False,OhrR,0.0,strict13
L. delbrueckii,GCF_019583415.1,GCF_019583415.1,False,Catalase,0.0,strict13
L. delbrueckii,GCF_019583415.1,GCF_019583415.1,False,Fur,0.0,strict13
L. delbrueckii,GCF_019583415.1,GCF_019583415.1,False,Rex,1.0,strict13
L. delbrueckii,GCF_019583415.1,GCF_019583415.1,False,Spx,1.0,strict13
L. delbrueckii,GCF_019583415.1,GCF_019583415.1,False,SOD,0.0,strict13
L. delbrueckii,GCF_019583415.1,GCF_019583415.1,False,Nox,0.0,strict13
L. delbrueckii,GCF_019583415.1,GCF_019583415.1,False,Glutathione_system,0.0,strict13
L. delbrueckii,GCF_019583415.1,GCF_019583415.1,False,Thioredoxin_system,1.0,strict13
L. delbrueckii,GCF_019583415.1,GCF_019583415.1,False,RecA,1.0,strict13
L. delbrueckii,GCF_019583415.1,GCF_019583415.1,False,UvrABC,1.0,strict13
L. delbrueckii,GCF_019583415.1,GCF_019583415.1,False,Mn_transport,0.0,strict13
L. delbrueckii,GCF_021600365.1,GCF_021600365.1,False,PerR,0.0,strict13
L. delbrueckii,GCF_021600365.1,GCF_021600365.1,False,OhrR,0.0,strict13
L. delbrueckii,GCF_021600365.1,GCF_021600365.1,False,Catalase,0.0,strict13
L. delbrueckii,GCF_021600365.1,GCF_021600365.1,False,Fur,0.0,strict13
L. delbrueckii,GCF_021600365.1,GCF_021600365.1,False,Rex,1.0,strict13
L. delbrueckii,GCF_021600365.1,GCF_021600365.1,False,Spx,1.0,strict13
L. delbrueckii,GCF_021600365.1,GCF_021600365.1,False,SOD,0.0,strict13
L. delbrueckii,GCF_021600365.1,GCF_021600365.1,False,Nox,0.0,strict13
L. delbrueckii,GCF_021600365.1,GCF_021600365.1,False,Glutathione_system,0.0,strict13
L. delbrueckii,GCF_021600365.1,GCF_021600365.1,False,Thioredoxin_system,1.0,strict13
L. delbrueckii,GCF_021600365.1,GCF_021600365.1,False,RecA,1.0,strict13
L. delbrueckii,GCF_021600365.1,GCF_021600365.1,False,UvrABC,1.0,strict13
L. delbrueckii,GCF_021600365.1,GCF_021600365.1,False,Mn_transport,0.0,strict13
L. delbrueckii,GCF_021600445.1,GCF_021600445.1,False,PerR,0.0,strict13
L. delbrueckii,GCF_021600445.1,GCF_021600445.1,False,OhrR,0.0,strict13
L. delbrueckii,GCF_021600445.1,GCF_021600445.1,False,Catalase,0.0,strict13
L. delbrueckii,GCF_021600445.1,GCF_021600445.1,False,Fur,0.0,strict13
L. delbrueckii,GCF_021600445.1,GCF_021600445.1,False,Rex,1.0,strict13
L. delbrueckii,GCF_021600445.1,GCF_021600445.1,False,Spx,1.0,strict13
L. delbrueckii,GCF_021600445.1,GCF_021600445.1,False,SOD,0.0,strict13
L. delbrueckii,GCF_021600445.1,GCF_021600445.1,False,Nox,0.0,strict13
L. delbrueckii,GCF_021600445.1,GCF_021600445.1,False,Glutathione_system,0.0,strict13
L. delbrueckii,GCF_021600445.1,GCF_021600445.1,False,Thioredoxin_system,1.0,strict13
L. delbrueckii,GCF_021600445.1,GCF_021600445.1,False,RecA,1.0,strict13
L. delbrueckii,GCF_021600445.1,GCF_021600445.1,False,UvrABC,1.0,strict13
L. delbrueckii,GCF_021600445.1,GCF_021600445.1,False,Mn_transport,0.0,strict13
L. delbrueckii,GCF_021600525.1,GCF_021600525.1,False,PerR,0.0,strict13
L. delbrueckii,GCF_021600525.1,GCF_021600525.1,False,OhrR,0.0,strict13
L. delbrueckii,GCF_021600525.1,GCF_021600525.1,False,Catalase,0.0,strict13
L. delbrueckii,GCF_021600525.1,GCF_021600525.1,False,Fur,0.0,strict13
L. delbrueckii,GCF_021600525.1,GCF_021600525.1,False,Rex,1.0,strict13
L. delbrueckii,GCF_021600525.1,GCF_021600525.1,False,Spx,1.0,strict13
L. delbrueckii,GCF_021600525.1,GCF_021600525.1,False,SOD,0.0,strict13
L. delbrueckii,GCF_021600525.1,GCF_021600525.1,False,Nox,0.0,strict13
L. delbrueckii,GCF_021600525.1,GCF_021600525.1,False,Glutathione_system,0.0,strict13
L. delbrueckii,GCF_021600525.1,GCF_021600525.1,False,Thioredoxin_system,1.0,strict13
L. delbrueckii,GCF_021600525.1,GCF_021600525.1,False,RecA,1.0,strict13
L. delbrueckii,GCF_021600525.1,GCF_021600525.1,False,UvrABC,1.0,strict13
L. delbrueckii,GCF_021600525.1,GCF_021600525.1,False,Mn_transport,0.0,strict13
L. delbrueckii,GCF_021600505.1,GCF_021600505.1,False,PerR,0.0,strict13
L. delbrueckii,GCF_021600505.1,GCF_021600505.1,False,OhrR,0.0,strict13
L. delbrueckii,GCF_021600505.1,GCF_021600505.1,False,Catalase,0.0,strict13
L. delbrueckii,GCF_021600505.1,GCF_021600505.1,False,Fur,0.0,strict13
L. delbrueckii,GCF_021600505.1,GCF_021600505.1,False,Rex,1.0,strict13
L. delbrueckii,GCF_021600505.1,GCF_021600505.1,False,Spx,1.0,strict13
L. delbrueckii,GCF_021600505.1,GCF_021600505.1,False,SOD,0.0,strict13
L. delbrueckii,GCF_021600505.1,GCF_021600505.1,False,Nox,0.0,strict13
L. delbrueckii,GCF_021600505.1,GCF_021600505.1,False,Glutathione_system,0.0,strict13
L. delbrueckii,GCF_021600505.1,GCF_021600505.1,False,Thioredoxin_system,1.0,strict13
L. delbrueckii,GCF_021600505.1,GCF_021600505.1,False,RecA,1.0,strict13
L. delbrueckii,GCF_021600505.1,GCF_021600505.1,False,UvrABC,1.0,strict13
L. delbrueckii,GCF_021600505.1,GCF_021600505.1,False,Mn_transport,0.0,strict13
L. delbrueckii,GCF_009734125.1,GCF_009734125.1,False,PerR,0.0,strict13
L. delbrueckii,GCF_009734125.1,GCF_009734125.1,False,OhrR,0.0,strict13
L. delbrueckii,GCF_009734125.1,GCF_009734125.1,False,Catalase,0.0,strict13
L. delbrueckii,GCF_009734125.1,GCF_009734125.1,False,Fur,0.0,strict13
L. delbrueckii,GCF_009734125.1,GCF_009734125.1,False,Rex,1.0,strict13
L. delbrueckii,GCF_009734125.1,GCF_009734125.1,False,Spx,1.0,strict13
L. delbrueckii,GCF_009734125.1,GCF_009734125.1,False,SOD,0.0,strict13
L. delbrueckii,GCF_009734125.1,GCF_009734125.1,False,Nox,0.0,strict13
L. delbrueckii,GCF_009734125.1,GCF_009734125.1,False,Glutathione_system,0.0,strict13
L. delbrueckii,GCF_009734125.1,GCF_009734125.1,False,Thioredoxin_system,1.0,strict13
L. delbrueckii,GCF_009734125.1,GCF_009734125.1,False,RecA,1.0,strict13
L. delbrueckii,GCF_009734125.1,GCF_009734125.1,False,UvrABC,1.0,strict13
L. delbrueckii,GCF_009734125.1,GCF_009734125.1,False,Mn_transport,0.0,strict13
L. delbrueckii,GCF_003545935.1,GCF_003545935.1,False,PerR,0.0,strict13
L. delbrueckii,GCF_003545935.1,GCF_003545935.1,False,OhrR,0.0,strict13
L. delbrueckii,GCF_003545935.1,GCF_003545935.1,False,Catalase,0.0,strict13
L. delbrueckii,GCF_003545935.1,GCF_003545935.1,False,Fur,0.0,strict13
L. delbrueckii,GCF_003545935.1,GCF_003545935.1,False,Rex,1.0,strict13
L. delbrueckii,GCF_003545935.1,GCF_003545935.1,False,Spx,1.0,strict13
L. delbrueckii,GCF_003545935.1,GCF_003545935.1,False,SOD,0.0,strict13
L. delbrueckii,GCF_003545935.1,GCF_003545935.1,False,Nox,0.0,strict13
L. delbrueckii,GCF_003545935.1,GCF_003545935.1,False,Glutathione_system,0.0,strict13
L. delbrueckii,GCF_003545935.1,GCF_003545935.1,False,Thioredoxin_system,1.0,strict13
L. delbrueckii,GCF_003545935.1,GCF_003545935.1,False,RecA,1.0,strict13
L. delbrueckii,GCF_003545935.1,GCF_003545935.1,False,UvrABC,1.0,strict13
L. delbrueckii,GCF_003545935.1,GCF_003545935.1,False,Mn_transport,0.0,strict13
L. delbrueckii,IAHAHI,IAHAHI,True,PerR,0.0,strict13
L. delbrueckii,IAHAHI,IAHAHI,True,OhrR,0.0,strict13
L. delbrueckii,IAHAHI,IAHAHI,True,Catalase,0.0,strict13
L. delbrueckii,IAHAHI,IAHAHI,True,Fur,0.0,strict13
L. delbrueckii,IAHAHI,IAHAHI,True,Rex,,strict13
L. delbrueckii,IAHAHI,IAHAHI,True,Spx,1.0,strict13
L. delbrueckii,IAHAHI,IAHAHI,True,SOD,0.0,strict13
L. delbrueckii,IAHAHI,IAHAHI,True,Nox,0.0,strict13
L. delbrueckii,IAHAHI,IAHAHI,True,Glutathione_system,0.0,strict13
L. delbrueckii,IAHAHI,IAHAHI,True,Thioredoxin_system,1.0,strict13
L. delbrueckii,IAHAHI,IAHAHI,True,RecA,1.0,strict13
L. delbrueckii,IAHAHI,IAHAHI,True,UvrABC,1.0,strict13
L. delbrueckii,IAHAHI,IAHAHI,True,Mn_transport,0.0,strict13
L. delbrueckii,GCF_000056065.1,GCF_000056065.1,False,PerR,0.0,strict13
L. delbrueckii,GCF_000056065.1,GCF_000056065.1,False,OhrR,0.0,strict13
L. delbrueckii,GCF_000056065.1,GCF_000056065.1,False,Catalase,0.0,strict13
L. delbrueckii,GCF_000056065.1,GCF_000056065.1,False,Fur,0.0,strict13
L. delbrueckii,GCF_000056065.1,GCF_000056065.1,False,Rex,1.0,strict13
L. delbrueckii,GCF_000056065.1,GCF_000056065.1,False,Spx,1.0,strict13
L. delbrueckii,GCF_000056065.1,GCF_000056065.1,False,SOD,0.0,strict13
L. delbrueckii,GCF_000056065.1,GCF_000056065.1,False,Nox,0.0,strict13
L. delbrueckii,GCF_000056065.1,GCF_000056065.1,False,Glutathione_system,0.0,strict13
L. delbrueckii,GCF_000056065.1,GCF_000056065.1,False,Thioredoxin_system,1.0,strict13
L. delbrueckii,GCF_000056065.1,GCF_000056065.1,False,RecA,1.0,strict13
L. delbrueckii,GCF_000056065.1,GCF_000056065.1,False,UvrABC,1.0,strict13
L. delbrueckii,GCF_000056065.1,GCF_000056065.1,False,Mn_transport,0.0,strict13
L. delbrueckii,GCF_015377785.1,GCF_015377785.1,False,PerR,0.0,strict13
L. delbrueckii,GCF_015377785.1,GCF_015377785.1,False,OhrR,0.0,strict13
L. delbrueckii,GCF_015377785.1,GCF_015377785.1,False,Catalase,0.0,strict13
L. delbrueckii,GCF_015377785.1,GCF_015377785.1,False,Fur,0.0,strict13
L. delbrueckii,GCF_015377785.1,GCF_015377785.1,False,Rex,1.0,strict13
L. delbrueckii,GCF_015377785.1,GCF_015377785.1,False,Spx,1.0,strict13
L. delbrueckii,GCF_015377785.1,GCF_015377785.1,False,SOD,0.0,strict13
L. delbrueckii,GCF_015377785.1,GCF_015377785.1,False,Nox,0.0,strict13
L. delbrueckii,GCF_015377785.1,GCF_015377785.1,False,Glutathione_system,0.0,strict13
L. delbrueckii,GCF_015377785.1,GCF_015377785.1,False,Thioredoxin_system,1.0,strict13
L. delbrueckii,GCF_015377785.1,GCF_015377785.1,False,RecA,1.0,strict13
L. delbrueckii,GCF_015377785.1,GCF_015377785.1,False,UvrABC,1.0,strict13
L. delbrueckii,GCF_015377785.1,GCF_015377785.1,False,Mn_transport,0.0,strict13
L. delbrueckii,GCF_009362855.1,GCF_009362855.1,False,PerR,0.0,strict13
L. delbrueckii,GCF_009362855.1,GCF_009362855.1,False,OhrR,0.0,strict13
L. delbrueckii,GCF_009362855.1,GCF_009362855.1,False,Catalase,0.0,strict13
L. delbrueckii,GCF_009362855.1,GCF_009362855.1,False,Fur,0.0,strict13
L. delbrueckii,GCF_009362855.1,GCF_009362855.1,False,Rex,1.0,strict13
L. delbrueckii,GCF_009362855.1,GCF_009362855.1,False,Spx,1.0,strict13
L. delbrueckii,GCF_009362855.1,GCF_009362855.1,False,SOD,0.0,strict13
L. delbrueckii,GCF_009362855.1,GCF_009362855.1,False,Nox,0.0,strict13
L. delbrueckii,GCF_009362855.1,GCF_009362855.1,False,Glutathione_system,0.0,strict13
L. delbrueckii,GCF_009362855.1,GCF_009362855.1,False,Thioredoxin_system,1.0,strict13
L. delbrueckii,GCF_009362855.1,GCF_009362855.1,False,RecA,1.0,strict13
L. delbrueckii,GCF_009362855.1,GCF_009362855.1,False,UvrABC,1.0,strict13
L. delbrueckii,GCF_009362855.1,GCF_009362855.1,False,Mn_transport,0.0,strict13
L. plantarum,GCF_009913655.1,GCF_009913655.1,False,PerR,1.0,strict13
L. plantarum,GCF_009913655.1,GCF_009913655.1,False,OhrR,1.0,strict13
L. plantarum,GCF_009913655.1,GCF_009913655.1,False,Catalase,1.0,strict13
L. plantarum,GCF_009913655.1,GCF_009913655.1,False,Fur,0.0,strict13
L. plantarum,GCF_009913655.1,GCF_009913655.1,False,Rex,1.0,strict13
L. plantarum,GCF_009913655.1,GCF_009913655.1,False,Spx,1.0,strict13
L. plantarum,GCF_009913655.1,GCF_009913655.1,False,SOD,0.0,strict13
L. plantarum,GCF_009913655.1,GCF_009913655.1,False,Nox,1.0,strict13
L. plantarum,GCF_009913655.1,GCF_009913655.1,False,Glutathione_system,0.0,strict13
L. plantarum,GCF_009913655.1,GCF_009913655.1,False,Thioredoxin_system,1.0,strict13
L. plantarum,GCF_009913655.1,GCF_009913655.1,False,RecA,1.0,strict13
L. plantarum,GCF_009913655.1,GCF_009913655.1,False,UvrABC,1.0,strict13
L. plantarum,GCF_009913655.1,GCF_009913655.1,False,Mn_transport,1.0,strict13
L. plantarum,GCF_000931425.2,GCF_000931425.2,False,PerR,1.0,strict13
L. plantarum,GCF_000931425.2,GCF_000931425.2,False,OhrR,1.0,strict13
L. plantarum,GCF_000931425.2,GCF_000931425.2,False,Catalase,1.0,strict13
L. plantarum,GCF_000931425.2,GCF_000931425.2,False,Fur,0.0,strict13
L. plantarum,GCF_000931425.2,GCF_000931425.2,False,Rex,1.0,strict13
L. plantarum,GCF_000931425.2,GCF_000931425.2,False,Spx,1.0,strict13
L. plantarum,GCF_000931425.2,GCF_000931425.2,False,SOD,0.0,strict13
L. plantarum,GCF_000931425.2,GCF_000931425.2,False,Nox,1.0,strict13
L. plantarum,GCF_000931425.2,GCF_000931425.2,False,Glutathione_system,0.0,strict13
L. plantarum,GCF_000931425.2,GCF_000931425.2,False,Thioredoxin_system,1.0,strict13
L. plantarum,GCF_000931425.2,GCF_000931425.2,False,RecA,1.0,strict13
L. plantarum,GCF_000931425.2,GCF_000931425.2,False,UvrABC,1.0,strict13
L. plantarum,GCF_000931425.2,GCF_000931425.2,False,Mn_transport,1.0,strict13
L. plantarum,GCF_001005805.1,GCF_001005805.1,False,PerR,1.0,strict13
L. plantarum,GCF_001005805.1,GCF_001005805.1,False,OhrR,1.0,strict13
L. plantarum,GCF_001005805.1,GCF_001005805.1,False,Catalase,1.0,strict13
L. plantarum,GCF_001005805.1,GCF_001005805.1,False,Fur,0.0,strict13
L. plantarum,GCF_001005805.1,GCF_001005805.1,False,Rex,1.0,strict13
L. plantarum,GCF_001005805.1,GCF_001005805.1,False,Spx,1.0,strict13
L. plantarum,GCF_001005805.1,GCF_001005805.1,False,SOD,0.0,strict13
L. plantarum,GCF_001005805.1,GCF_001005805.1,False,Nox,1.0,strict13
L. plantarum,GCF_001005805.1,GCF_001005805.1,False,Glutathione_system,0.0,strict13
L. plantarum,GCF_001005805.1,GCF_001005805.1,False,Thioredoxin_system,1.0,strict13
L. plantarum,GCF_001005805.1,GCF_001005805.1,False,RecA,1.0,strict13
L. plantarum,GCF_001005805.1,GCF_001005805.1,False,UvrABC,1.0,strict13
L. plantarum,GCF_001005805.1,GCF_001005805.1,False,Mn_transport,1.0,strict13
L. plantarum,GCF_001296095.1,GCF_001296095.1,False,PerR,1.0,strict13
L. plantarum,GCF_001296095.1,GCF_001296095.1,False,OhrR,,strict13
L. plantarum,GCF_001296095.1,GCF_001296095.1,False,Catalase,1.0,strict13
L. plantarum,GCF_001296095.1,GCF_001296095.1,False,Fur,0.0,strict13
L. plantarum,GCF_001296095.1,GCF_001296095.1,False,Rex,1.0,strict13
L. plantarum,GCF_001296095.1,GCF_001296095.1,False,Spx,1.0,strict13
L. plantarum,GCF_001296095.1,GCF_001296095.1,False,SOD,0.0,strict13
L. plantarum,GCF_001296095.1,GCF_001296095.1,False,Nox,1.0,strict13
L. plantarum,GCF_001296095.1,GCF_001296095.1,False,Glutathione_system,0.0,strict13
L. plantarum,GCF_001296095.1,GCF_001296095.1,False,Thioredoxin_system,1.0,strict13
L. plantarum,GCF_001296095.1,GCF_001296095.1,False,RecA,1.0,strict13
L. plantarum,GCF_001296095.1,GCF_001296095.1,False,UvrABC,1.0,strict13
L. plantarum,GCF_001296095.1,GCF_001296095.1,False,Mn_transport,1.0,strict13
L. plantarum,GCF_001540965.1,GCF_001540965.1,False,PerR,1.0,strict13
L. plantarum,GCF_001540965.1,GCF_001540965.1,False,OhrR,1.0,strict13
L. plantarum,GCF_001540965.1,GCF_001540965.1,False,Catalase,1.0,strict13
L. plantarum,GCF_001540965.1,GCF_001540965.1,False,Fur,0.0,strict13
L. plantarum,GCF_001540965.1,GCF_001540965.1,False,Rex,1.0,strict13
L. plantarum,GCF_001540965.1,GCF_001540965.1,False,Spx,1.0,strict13
L. plantarum,GCF_001540965.1,GCF_001540965.1,False,SOD,0.0,strict13
L. plantarum,GCF_001540965.1,GCF_001540965.1,False,Nox,1.0,strict13
L. plantarum,GCF_001540965.1,GCF_001540965.1,False,Glutathione_system,0.0,strict13
L. plantarum,GCF_001540965.1,GCF_001540965.1,False,Thioredoxin_system,1.0,strict13
L. plantarum,GCF_001540965.1,GCF_001540965.1,False,RecA,1.0,strict13
L. plantarum,GCF_001540965.1,GCF_001540965.1,False,UvrABC,1.0,strict13
L. plantarum,GCF_001540965.1,GCF_001540965.1,False,Mn_transport,1.0,strict13
L. plantarum,GCF_000687495.1,GCF_000687495.1,False,PerR,1.0,strict13
L. plantarum,GCF_000687495.1,GCF_000687495.1,False,OhrR,1.0,strict13
L. plantarum,GCF_000687495.1,GCF_000687495.1,False,Catalase,1.0,strict13
L. plantarum,GCF_000687495.1,GCF_000687495.1,False,Fur,0.0,strict13
L. plantarum,GCF_000687495.1,GCF_000687495.1,False,Rex,1.0,strict13
L. plantarum,GCF_000687495.1,GCF_000687495.1,False,Spx,1.0,strict13
L. plantarum,GCF_000687495.1,GCF_000687495.1,False,SOD,0.0,strict13
L. plantarum,GCF_000687495.1,GCF_000687495.1,False,Nox,1.0,strict13
L. plantarum,GCF_000687495.1,GCF_000687495.1,False,Glutathione_system,0.0,strict13
L. plantarum,GCF_000687495.1,GCF_000687495.1,False,Thioredoxin_system,1.0,strict13
L. plantarum,GCF_000687495.1,GCF_000687495.1,False,RecA,1.0,strict13
L. plantarum,GCF_000687495.1,GCF_000687495.1,False,UvrABC,1.0,strict13
L. plantarum,GCF_000687495.1,GCF_000687495.1,False,Mn_transport,1.0,strict13
L. plantarum,ZPZ,ZPZ,True,PerR,1.0,strict13
L. plantarum,ZPZ,ZPZ,True,OhrR,1.0,strict13
L. plantarum,ZPZ,ZPZ,True,Catalase,1.0,strict13
L. plantarum,ZPZ,ZPZ,True,Fur,0.0,strict13
L. plantarum,ZPZ,ZPZ,True,Rex,1.0,strict13
L. plantarum,ZPZ,ZPZ,True,Spx,1.0,strict13
L. plantarum,ZPZ,ZPZ,True,SOD,0.0,strict13
L. plantarum,ZPZ,ZPZ,True,Nox,1.0,strict13
L. plantarum,ZPZ,ZPZ,True,Glutathione_system,0.0,strict13
L. plantarum,ZPZ,ZPZ,True,Thioredoxin_system,1.0,strict13
L. plantarum,ZPZ,ZPZ,True,RecA,1.0,strict13
L. plantarum,ZPZ,ZPZ,True,UvrABC,1.0,strict13
L. plantarum,ZPZ,ZPZ,True,Mn_transport,1.0,strict13
L. plantarum,GCF_000956195.1,GCF_000956195.1,False,PerR,1.0,strict13
L. plantarum,GCF_000956195.1,GCF_000956195.1,False,OhrR,1.0,strict13
L. plantarum,GCF_000956195.1,GCF_000956195.1,False,Catalase,1.0,strict13
L. plantarum,GCF_000956195.1,GCF_000956195.1,False,Fur,0.0,strict13
L. plantarum,GCF_000956195.1,GCF_000956195.1,False,Rex,1.0,strict13
L. plantarum,GCF_000956195.1,GCF_000956195.1,False,Spx,1.0,strict13
L. plantarum,GCF_000956195.1,GCF_000956195.1,False,SOD,0.0,strict13
L. plantarum,GCF_000956195.1,GCF_000956195.1,False,Nox,1.0,strict13
L. plantarum,GCF_000956195.1,GCF_000956195.1,False,Glutathione_system,0.0,strict13
L. plantarum,GCF_000956195.1,GCF_000956195.1,False,Thioredoxin_system,1.0,strict13
L. plantarum,GCF_000956195.1,GCF_000956195.1,False,RecA,1.0,strict13
L. plantarum,GCF_000956195.1,GCF_000956195.1,False,UvrABC,1.0,strict13
L. plantarum,GCF_000956195.1,GCF_000956195.1,False,Mn_transport,1.0,strict13
L. plantarum,GCF_001581895.1,GCF_001581895.1,False,PerR,1.0,strict13
L. plantarum,GCF_001581895.1,GCF_001581895.1,False,OhrR,1.0,strict13
L. plantarum,GCF_001581895.1,GCF_001581895.1,False,Catalase,1.0,strict13
L. plantarum,GCF_001581895.1,GCF_001581895.1,False,Fur,0.0,strict13
L. plantarum,GCF_001581895.1,GCF_001581895.1,False,Rex,1.0,strict13
L. plantarum,GCF_001581895.1,GCF_001581895.1,False,Spx,1.0,strict13
L. plantarum,GCF_001581895.1,GCF_001581895.1,False,SOD,0.0,strict13
L. plantarum,GCF_001581895.1,GCF_001581895.1,False,Nox,1.0,strict13
L. plantarum,GCF_001581895.1,GCF_001581895.1,False,Glutathione_system,0.0,strict13
L. plantarum,GCF_001581895.1,GCF_001581895.1,False,Thioredoxin_system,1.0,strict13
L. plantarum,GCF_001581895.1,GCF_001581895.1,False,RecA,1.0,strict13
L. plantarum,GCF_001581895.1,GCF_001581895.1,False,UvrABC,1.0,strict13
L. plantarum,GCF_001581895.1,GCF_001581895.1,False,Mn_transport,1.0,strict13
L. plantarum,GCF_001267905.1,GCF_001267905.1,False,PerR,1.0,strict13
L. plantarum,GCF_001267905.1,GCF_001267905.1,False,OhrR,1.0,strict13
L. plantarum,GCF_001267905.1,GCF_001267905.1,False,Catalase,1.0,strict13
L. plantarum,GCF_001267905.1,GCF_001267905.1,False,Fur,0.0,strict13
L. plantarum,GCF_001267905.1,GCF_001267905.1,False,Rex,1.0,strict13
L. plantarum,GCF_001267905.1,GCF_001267905.1,False,Spx,1.0,strict13
L. plantarum,GCF_001267905.1,GCF_001267905.1,False,SOD,0.0,strict13
L. plantarum,GCF_001267905.1,GCF_001267905.1,False,Nox,1.0,strict13
L. plantarum,GCF_001267905.1,GCF_001267905.1,False,Glutathione_system,0.0,strict13
L. plantarum,GCF_001267905.1,GCF_001267905.1,False,Thioredoxin_system,1.0,strict13
L. plantarum,GCF_001267905.1,GCF_001267905.1,False,RecA,1.0,strict13
L. plantarum,GCF_001267905.1,GCF_001267905.1,False,UvrABC,1.0,strict13
L. plantarum,GCF_001267905.1,GCF_001267905.1,False,Mn_transport,1.0,strict13
L. plantarum,GCF_001005695.1,GCF_001005695.1,False,PerR,1.0,strict13
L. plantarum,GCF_001005695.1,GCF_001005695.1,False,OhrR,1.0,strict13
L. plantarum,GCF_001005695.1,GCF_001005695.1,False,Catalase,1.0,strict13
L. plantarum,GCF_001005695.1,GCF_001005695.1,False,Fur,0.0,strict13
L. plantarum,GCF_001005695.1,GCF_001005695.1,False,Rex,1.0,strict13
L. plantarum,GCF_001005695.1,GCF_001005695.1,False,Spx,1.0,strict13
L. plantarum,GCF_001005695.1,GCF_001005695.1,False,SOD,0.0,strict13
L. plantarum,GCF_001005695.1,GCF_001005695.1,False,Nox,1.0,strict13
L. plantarum,GCF_001005695.1,GCF_001005695.1,False,Glutathione_system,0.0,strict13
L. plantarum,GCF_001005695.1,GCF_001005695.1,False,Thioredoxin_system,1.0,strict13
L. plantarum,GCF_001005695.1,GCF_001005695.1,False,RecA,1.0,strict13
L. plantarum,GCF_001005695.1,GCF_001005695.1,False,UvrABC,1.0,strict13
L. plantarum,GCF_001005695.1,GCF_001005695.1,False,Mn_transport,1.0,strict13
L. plantarum,GCF_001302645.1,GCF_001302645.1,False,PerR,1.0,strict13
L. plantarum,GCF_001302645.1,GCF_001302645.1,False,OhrR,1.0,strict13
L. plantarum,GCF_001302645.1,GCF_001302645.1,False,Catalase,1.0,strict13
L. plantarum,GCF_001302645.1,GCF_001302645.1,False,Fur,0.0,strict13
L. plantarum,GCF_001302645.1,GCF_001302645.1,False,Rex,1.0,strict13
L. plantarum,GCF_001302645.1,GCF_001302645.1,False,Spx,1.0,strict13
L. plantarum,GCF_001302645.1,GCF_001302645.1,False,SOD,0.0,strict13
L. plantarum,GCF_001302645.1,GCF_001302645.1,False,Nox,1.0,strict13
L. plantarum,GCF_001302645.1,GCF_001302645.1,False,Glutathione_system,0.0,strict13
L. plantarum,GCF_001302645.1,GCF_001302645.1,False,Thioredoxin_system,1.0,strict13
L. plantarum,GCF_001302645.1,GCF_001302645.1,False,RecA,1.0,strict13
L. plantarum,GCF_001302645.1,GCF_001302645.1,False,UvrABC,1.0,strict13
L. plantarum,GCF_001302645.1,GCF_001302645.1,False,Mn_transport,1.0,strict13
L. plantarum,GCF_000966475.1,GCF_000966475.1,False,PerR,1.0,strict13
L. plantarum,GCF_000966475.1,GCF_000966475.1,False,OhrR,1.0,strict13
L. plantarum,GCF_000966475.1,GCF_000966475.1,False,Catalase,1.0,strict13
L. plantarum,GCF_000966475.1,GCF_000966475.1,False,Fur,0.0,strict13
L. plantarum,GCF_000966475.1,GCF_000966475.1,False,Rex,1.0,strict13
L. plantarum,GCF_000966475.1,GCF_000966475.1,False,Spx,1.0,strict13
L. plantarum,GCF_000966475.1,GCF_000966475.1,False,SOD,0.0,strict13
L. plantarum,GCF_000966475.1,GCF_000966475.1,False,Nox,1.0,strict13
L. plantarum,GCF_000966475.1,GCF_000966475.1,False,Glutathione_system,0.0,strict13
L. plantarum,GCF_000966475.1,GCF_000966475.1,False,Thioredoxin_system,1.0,strict13
L. plantarum,GCF_000966475.1,GCF_000966475.1,False,RecA,1.0,strict13
L. plantarum,GCF_000966475.1,GCF_000966475.1,False,UvrABC,1.0,strict13
L. plantarum,GCF_000966475.1,GCF_000966475.1,False,Mn_transport,1.0,strict13
L. plantarum,GCF_001278015.1,GCF_001278015.1,False,PerR,1.0,strict13
L. plantarum,GCF_001278015.1,GCF_001278015.1,False,OhrR,1.0,strict13
L. plantarum,GCF_001278015.1,GCF_001278015.1,False,Catalase,1.0,strict13
L. plantarum,GCF_001278015.1,GCF_001278015.1,False,Fur,0.0,strict13
L. plantarum,GCF_001278015.1,GCF_001278015.1,False,Rex,1.0,strict13
L. plantarum,GCF_001278015.1,GCF_001278015.1,False,Spx,1.0,strict13
L. plantarum,GCF_001278015.1,GCF_001278015.1,False,SOD,0.0,strict13
L. plantarum,GCF_001278015.1,GCF_001278015.1,False,Nox,1.0,strict13
L. plantarum,GCF_001278015.1,GCF_001278015.1,False,Glutathione_system,0.0,strict13
L. plantarum,GCF_001278015.1,GCF_001278015.1,False,Thioredoxin_system,1.0,strict13
L. plantarum,GCF_001278015.1,GCF_001278015.1,False,RecA,1.0,strict13
L. plantarum,GCF_001278015.1,GCF_001278015.1,False,UvrABC,1.0,strict13
L. plantarum,GCF_001278015.1,GCF_001278015.1,False,Mn_transport,1.0,strict13
L. plantarum,GCF_001596195.1,GCF_001596195.1,False,PerR,1.0,strict13
L. plantarum,GCF_001596195.1,GCF_001596195.1,False,OhrR,1.0,strict13
L. plantarum,GCF_001596195.1,GCF_001596195.1,False,Catalase,1.0,strict13
L. plantarum,GCF_001596195.1,GCF_001596195.1,False,Fur,0.0,strict13
L. plantarum,GCF_001596195.1,GCF_001596195.1,False,Rex,1.0,strict13
L. plantarum,GCF_001596195.1,GCF_001596195.1,False,Spx,1.0,strict13
L. plantarum,GCF_001596195.1,GCF_001596195.1,False,SOD,0.0,strict13
L. plantarum,GCF_001596195.1,GCF_001596195.1,False,Nox,1.0,strict13
L. plantarum,GCF_001596195.1,GCF_001596195.1,False,Glutathione_system,0.0,strict13
L. plantarum,GCF_001596195.1,GCF_001596195.1,False,Thioredoxin_system,1.0,strict13
L. plantarum,GCF_001596195.1,GCF_001596195.1,False,RecA,1.0,strict13
L. plantarum,GCF_001596195.1,GCF_001596195.1,False,UvrABC,1.0,strict13
L. plantarum,GCF_001596195.1,GCF_001596195.1,False,Mn_transport,1.0,strict13
L. plantarum,GCF_001597605.1,GCF_001597605.1,False,PerR,1.0,strict13
L. plantarum,GCF_001597605.1,GCF_001597605.1,False,OhrR,1.0,strict13
L. plantarum,GCF_001597605.1,GCF_001597605.1,False,Catalase,1.0,strict13
L. plantarum,GCF_001597605.1,GCF_001597605.1,False,Fur,0.0,strict13
L. plantarum,GCF_001597605.1,GCF_001597605.1,False,Rex,1.0,strict13
L. plantarum,GCF_001597605.1,GCF_001597605.1,False,Spx,1.0,strict13
L. plantarum,GCF_001597605.1,GCF_001597605.1,False,SOD,0.0,strict13
L. plantarum,GCF_001597605.1,GCF_001597605.1,False,Nox,1.0,strict13
L. plantarum,GCF_001597605.1,GCF_001597605.1,False,Glutathione_system,0.0,strict13
L. plantarum,GCF_001597605.1,GCF_001597605.1,False,Thioredoxin_system,1.0,strict13
L. plantarum,GCF_001597605.1,GCF_001597605.1,False,RecA,1.0,strict13
L. plantarum,GCF_001597605.1,GCF_001597605.1,False,UvrABC,1.0,strict13
L. plantarum,GCF_001597605.1,GCF_001597605.1,False,Mn_transport,1.0,strict13
L. plantarum,GCF_001595615.1,GCF_001595615.1,False,PerR,1.0,strict13
L. plantarum,GCF_001595615.1,GCF_001595615.1,False,OhrR,1.0,strict13
L. plantarum,GCF_001595615.1,GCF_001595615.1,False,Catalase,1.0,strict13
L. plantarum,GCF_001595615.1,GCF_001595615.1,False,Fur,0.0,strict13
L. plantarum,GCF_001595615.1,GCF_001595615.1,False,Rex,1.0,strict13
L. plantarum,GCF_001595615.1,GCF_001595615.1,False,Spx,1.0,strict13
L. plantarum,GCF_001595615.1,GCF_001595615.1,False,SOD,0.0,strict13
L. plantarum,GCF_001595615.1,GCF_001595615.1,False,Nox,1.0,strict13
L. plantarum,GCF_001595615.1,GCF_001595615.1,False,Glutathione_system,0.0,strict13
L. plantarum,GCF_001595615.1,GCF_001595615.1,False,Thioredoxin_system,1.0,strict13
L. plantarum,GCF_001595615.1,GCF_001595615.1,False,RecA,1.0,strict13
L. plantarum,GCF_001595615.1,GCF_001595615.1,False,UvrABC,1.0,strict13
L. plantarum,GCF_001595615.1,GCF_001595615.1,False,Mn_transport,1.0,strict13
L. plantarum,GCF_000731855.1,GCF_000731855.1,False,PerR,1.0,strict13
L. plantarum,GCF_000731855.1,GCF_000731855.1,False,OhrR,1.0,strict13
L. plantarum,GCF_000731855.1,GCF_000731855.1,False,Catalase,1.0,strict13
L. plantarum,GCF_000731855.1,GCF_000731855.1,False,Fur,0.0,strict13
L. plantarum,GCF_000731855.1,GCF_000731855.1,False,Rex,1.0,strict13
L. plantarum,GCF_000731855.1,GCF_000731855.1,False,Spx,1.0,strict13
L. plantarum,GCF_000731855.1,GCF_000731855.1,False,SOD,0.0,strict13
L. plantarum,GCF_000731855.1,GCF_000731855.1,False,Nox,1.0,strict13
L. plantarum,GCF_000731855.1,GCF_000731855.1,False,Glutathione_system,0.0,strict13
L. plantarum,GCF_000731855.1,GCF_000731855.1,False,Thioredoxin_system,1.0,strict13
L. plantarum,GCF_000731855.1,GCF_000731855.1,False,RecA,1.0,strict13
L. plantarum,GCF_000731855.1,GCF_000731855.1,False,UvrABC,1.0,strict13
L. plantarum,GCF_000731855.1,GCF_000731855.1,False,Mn_transport,1.0,strict13
L. plantarum,GCF_001368775.1,GCF_001368775.1,False,PerR,1.0,strict13
L. plantarum,GCF_001368775.1,GCF_001368775.1,False,OhrR,1.0,strict13
L. plantarum,GCF_001368775.1,GCF_001368775.1,False,Catalase,1.0,strict13
L. plantarum,GCF_001368775.1,GCF_001368775.1,False,Fur,0.0,strict13
L. plantarum,GCF_001368775.1,GCF_001368775.1,False,Rex,1.0,strict13
L. plantarum,GCF_001368775.1,GCF_001368775.1,False,Spx,1.0,strict13
L. plantarum,GCF_001368775.1,GCF_001368775.1,False,SOD,0.0,strict13
L. plantarum,GCF_001368775.1,GCF_001368775.1,False,Nox,1.0,strict13
L. plantarum,GCF_001368775.1,GCF_001368775.1,False,Glutathione_system,0.0,strict13
L. plantarum,GCF_001368775.1,GCF_001368775.1,False,Thioredoxin_system,1.0,strict13
L. plantarum,GCF_001368775.1,GCF_001368775.1,False,RecA,1.0,strict13
L. plantarum,GCF_001368775.1,GCF_001368775.1,False,UvrABC,1.0,strict13
L. plantarum,GCF_001368775.1,GCF_001368775.1,False,Mn_transport,1.0,strict13
L. plantarum,GCF_001436855.1,GCF_001436855.1,False,PerR,1.0,strict13
L. plantarum,GCF_001436855.1,GCF_001436855.1,False,OhrR,1.0,strict13
L. plantarum,GCF_001436855.1,GCF_001436855.1,False,Catalase,1.0,strict13
L. plantarum,GCF_001436855.1,GCF_001436855.1,False,Fur,0.0,strict13
L. plantarum,GCF_001436855.1,GCF_001436855.1,False,Rex,1.0,strict13
L. plantarum,GCF_001436855.1,GCF_001436855.1,False,Spx,1.0,strict13
L. plantarum,GCF_001436855.1,GCF_001436855.1,False,SOD,0.0,strict13
L. plantarum,GCF_001436855.1,GCF_001436855.1,False,Nox,1.0,strict13
L. plantarum,GCF_001436855.1,GCF_001436855.1,False,Glutathione_system,0.0,strict13
L. plantarum,GCF_001436855.1,GCF_001436855.1,False,Thioredoxin_system,1.0,strict13
L. plantarum,GCF_001436855.1,GCF_001436855.1,False,RecA,1.0,strict13
L. plantarum,GCF_001436855.1,GCF_001436855.1,False,UvrABC,1.0,strict13
L. plantarum,GCF_001436855.1,GCF_001436855.1,False,Mn_transport,1.0,strict13
L. plantarum,GCF_001444495.1,GCF_001444495.1,False,PerR,1.0,strict13
L. plantarum,GCF_001444495.1,GCF_001444495.1,False,OhrR,1.0,strict13
L. plantarum,GCF_001444495.1,GCF_001444495.1,False,Catalase,1.0,strict13
L. plantarum,GCF_001444495.1,GCF_001444495.1,False,Fur,0.0,strict13
L. plantarum,GCF_001444495.1,GCF_001444495.1,False,Rex,1.0,strict13
L. plantarum,GCF_001444495.1,GCF_001444495.1,False,Spx,1.0,strict13
L. plantarum,GCF_001444495.1,GCF_001444495.1,False,SOD,0.0,strict13
L. plantarum,GCF_001444495.1,GCF_001444495.1,False,Nox,1.0,strict13
L. plantarum,GCF_001444495.1,GCF_001444495.1,False,Glutathione_system,0.0,strict13
L. plantarum,GCF_001444495.1,GCF_001444495.1,False,Thioredoxin_system,1.0,strict13
L. plantarum,GCF_001444495.1,GCF_001444495.1,False,RecA,1.0,strict13
L. plantarum,GCF_001444495.1,GCF_001444495.1,False,UvrABC,1.0,strict13
L. plantarum,GCF_001444495.1,GCF_001444495.1,False,Mn_transport,1.0,strict13
L. plantarum,GCF_001484005.1,GCF_001484005.1,False,PerR,1.0,strict13
L. plantarum,GCF_001484005.1,GCF_001484005.1,False,OhrR,1.0,strict13
L. plantarum,GCF_001484005.1,GCF_001484005.1,False,Catalase,1.0,strict13
L. plantarum,GCF_001484005.1,GCF_001484005.1,False,Fur,0.0,strict13
L. plantarum,GCF_001484005.1,GCF_001484005.1,False,Rex,1.0,strict13
L. plantarum,GCF_001484005.1,GCF_001484005.1,False,Spx,1.0,strict13
L. plantarum,GCF_001484005.1,GCF_001484005.1,False,SOD,0.0,strict13
L. plantarum,GCF_001484005.1,GCF_001484005.1,False,Nox,1.0,strict13
L. plantarum,GCF_001484005.1,GCF_001484005.1,False,Glutathione_system,0.0,strict13
L. plantarum,GCF_001484005.1,GCF_001484005.1,False,Thioredoxin_system,1.0,strict13
L. plantarum,GCF_001484005.1,GCF_001484005.1,False,RecA,1.0,strict13
L. plantarum,GCF_001484005.1,GCF_001484005.1,False,UvrABC,1.0,strict13
L. plantarum,GCF_001484005.1,GCF_001484005.1,False,Mn_transport,1.0,strict13
L. plantarum,GCF_001617525.2,GCF_001617525.2,False,PerR,1.0,strict13
L. plantarum,GCF_001617525.2,GCF_001617525.2,False,OhrR,1.0,strict13
L. plantarum,GCF_001617525.2,GCF_001617525.2,False,Catalase,1.0,strict13
L. plantarum,GCF_001617525.2,GCF_001617525.2,False,Fur,0.0,strict13
L. plantarum,GCF_001617525.2,GCF_001617525.2,False,Rex,1.0,strict13
L. plantarum,GCF_001617525.2,GCF_001617525.2,False,Spx,1.0,strict13
L. plantarum,GCF_001617525.2,GCF_001617525.2,False,SOD,0.0,strict13
L. plantarum,GCF_001617525.2,GCF_001617525.2,False,Nox,1.0,strict13
L. plantarum,GCF_001617525.2,GCF_001617525.2,False,Glutathione_system,0.0,strict13
L. plantarum,GCF_001617525.2,GCF_001617525.2,False,Thioredoxin_system,1.0,strict13
L. plantarum,GCF_001617525.2,GCF_001617525.2,False,RecA,1.0,strict13
L. plantarum,GCF_001617525.2,GCF_001617525.2,False,UvrABC,1.0,strict13
L. plantarum,GCF_001617525.2,GCF_001617525.2,False,Mn_transport,1.0,strict13
L. plantarum,GCF_001619265.1,GCF_001619265.1,False,PerR,1.0,strict13
L. plantarum,GCF_001619265.1,GCF_001619265.1,False,OhrR,1.0,strict13
L. plantarum,GCF_001619265.1,GCF_001619265.1,False,Catalase,1.0,strict13
L. plantarum,GCF_001619265.1,GCF_001619265.1,False,Fur,0.0,strict13
L. plantarum,GCF_001619265.1,GCF_001619265.1,False,Rex,1.0,strict13
L. plantarum,GCF_001619265.1,GCF_001619265.1,False,Spx,1.0,strict13
L. plantarum,GCF_001619265.1,GCF_001619265.1,False,SOD,0.0,strict13
L. plantarum,GCF_001619265.1,GCF_001619265.1,False,Nox,1.0,strict13
L. plantarum,GCF_001619265.1,GCF_001619265.1,False,Glutathione_system,0.0,strict13
L. plantarum,GCF_001619265.1,GCF_001619265.1,False,Thioredoxin_system,1.0,strict13
L. plantarum,GCF_001619265.1,GCF_001619265.1,False,RecA,1.0,strict13
L. plantarum,GCF_001619265.1,GCF_001619265.1,False,UvrABC,1.0,strict13
L. plantarum,GCF_001619265.1,GCF_001619265.1,False,Mn_transport,1.0,strict13
L. plantarum,GCF_000764285.1,GCF_000764285.1,False,PerR,1.0,strict13
L. plantarum,GCF_000764285.1,GCF_000764285.1,False,OhrR,1.0,strict13
L. plantarum,GCF_000764285.1,GCF_000764285.1,False,Catalase,1.0,strict13
L. plantarum,GCF_000764285.1,GCF_000764285.1,False,Fur,0.0,strict13
L. plantarum,GCF_000764285.1,GCF_000764285.1,False,Rex,1.0,strict13
L. plantarum,GCF_000764285.1,GCF_000764285.1,False,Spx,1.0,strict13
L. plantarum,GCF_000764285.1,GCF_000764285.1,False,SOD,0.0,strict13
L. plantarum,GCF_000764285.1,GCF_000764285.1,False,Nox,1.0,strict13
L. plantarum,GCF_000764285.1,GCF_000764285.1,False,Glutathione_system,0.0,strict13
L. plantarum,GCF_000764285.1,GCF_000764285.1,False,Thioredoxin_system,1.0,strict13
L. plantarum,GCF_000764285.1,GCF_000764285.1,False,RecA,1.0,strict13
L. plantarum,GCF_000764285.1,GCF_000764285.1,False,UvrABC,1.0,strict13
L. plantarum,GCF_000764285.1,GCF_000764285.1,False,Mn_transport,1.0,strict13
L. plantarum,GCF_000743895.1,GCF_000743895.1,False,PerR,1.0,strict13
L. plantarum,GCF_000743895.1,GCF_000743895.1,False,OhrR,1.0,strict13
L. plantarum,GCF_000743895.1,GCF_000743895.1,False,Catalase,1.0,strict13
L. plantarum,GCF_000743895.1,GCF_000743895.1,False,Fur,0.0,strict13
L. plantarum,GCF_000743895.1,GCF_000743895.1,False,Rex,1.0,strict13
L. plantarum,GCF_000743895.1,GCF_000743895.1,False,Spx,1.0,strict13
L. plantarum,GCF_000743895.1,GCF_000743895.1,False,SOD,0.0,strict13
L. plantarum,GCF_000743895.1,GCF_000743895.1,False,Nox,1.0,strict13
L. plantarum,GCF_000743895.1,GCF_000743895.1,False,Glutathione_system,0.0,strict13
L. plantarum,GCF_000743895.1,GCF_000743895.1,False,Thioredoxin_system,1.0,strict13
L. plantarum,GCF_000743895.1,GCF_000743895.1,False,RecA,1.0,strict13
L. plantarum,GCF_000743895.1,GCF_000743895.1,False,UvrABC,1.0,strict13
L. plantarum,GCF_000743895.1,GCF_000743895.1,False,Mn_transport,1.0,strict13
L. plantarum,GCF_001596095.1,GCF_001596095.1,False,PerR,1.0,strict13
L. plantarum,GCF_001596095.1,GCF_001596095.1,False,OhrR,1.0,strict13
L. plantarum,GCF_001596095.1,GCF_001596095.1,False,Catalase,1.0,strict13
L. plantarum,GCF_001596095.1,GCF_001596095.1,False,Fur,0.0,strict13
L. plantarum,GCF_001596095.1,GCF_001596095.1,False,Rex,1.0,strict13
L. plantarum,GCF_001596095.1,GCF_001596095.1,False,Spx,1.0,strict13
L. plantarum,GCF_001596095.1,GCF_001596095.1,False,SOD,0.0,strict13
L. plantarum,GCF_001596095.1,GCF_001596095.1,False,Nox,1.0,strict13
L. plantarum,GCF_001596095.1,GCF_001596095.1,False,Glutathione_system,0.0,strict13
L. plantarum,GCF_001596095.1,GCF_001596095.1,False,Thioredoxin_system,1.0,strict13
L. plantarum,GCF_001596095.1,GCF_001596095.1,False,RecA,1.0,strict13
L. plantarum,GCF_001596095.1,GCF_001596095.1,False,UvrABC,1.0,strict13
L. plantarum,GCF_001596095.1,GCF_001596095.1,False,Mn_transport,1.0,strict13
L. plantarum,GCF_001010175.1,GCF_001010175.1,False,PerR,1.0,strict13
L. plantarum,GCF_001010175.1,GCF_001010175.1,False,OhrR,1.0,strict13
L. plantarum,GCF_001010175.1,GCF_001010175.1,False,Catalase,1.0,strict13
L. plantarum,GCF_001010175.1,GCF_001010175.1,False,Fur,0.0,strict13
L. plantarum,GCF_001010175.1,GCF_001010175.1,False,Rex,1.0,strict13
L. plantarum,GCF_001010175.1,GCF_001010175.1,False,Spx,1.0,strict13
L. plantarum,GCF_001010175.1,GCF_001010175.1,False,SOD,0.0,strict13
L. plantarum,GCF_001010175.1,GCF_001010175.1,False,Nox,1.0,strict13
L. plantarum,GCF_001010175.1,GCF_001010175.1,False,Glutathione_system,0.0,strict13
L. plantarum,GCF_001010175.1,GCF_001010175.1,False,Thioredoxin_system,1.0,strict13
L. plantarum,GCF_001010175.1,GCF_001010175.1,False,RecA,1.0,strict13
L. plantarum,GCF_001010175.1,GCF_001010175.1,False,UvrABC,1.0,strict13
L. plantarum,GCF_001010175.1,GCF_001010175.1,False,Mn_transport,1.0,strict13
L. plantarum,GCF_001540925.1,GCF_001540925.1,False,PerR,1.0,strict13
L. plantarum,GCF_001540925.1,GCF_001540925.1,False,OhrR,1.0,strict13
L. plantarum,GCF_001540925.1,GCF_001540925.1,False,Catalase,1.0,strict13
L. plantarum,GCF_001540925.1,GCF_001540925.1,False,Fur,0.0,strict13
L. plantarum,GCF_001540925.1,GCF_001540925.1,False,Rex,1.0,strict13
L. plantarum,GCF_001540925.1,GCF_001540925.1,False,Spx,1.0,strict13
L. plantarum,GCF_001540925.1,GCF_001540925.1,False,SOD,0.0,strict13
L. plantarum,GCF_001540925.1,GCF_001540925.1,False,Nox,1.0,strict13
L. plantarum,GCF_001540925.1,GCF_001540925.1,False,Glutathione_system,0.0,strict13
L. plantarum,GCF_001540925.1,GCF_001540925.1,False,Thioredoxin_system,1.0,strict13
L. plantarum,GCF_001540925.1,GCF_001540925.1,False,RecA,1.0,strict13
L. plantarum,GCF_001540925.1,GCF_001540925.1,False,UvrABC,1.0,strict13
L. plantarum,GCF_001540925.1,GCF_001540925.1,False,Mn_transport,1.0,strict13
L. plantarum,GCF_001308305.1,GCF_001308305.1,False,PerR,1.0,strict13
L. plantarum,GCF_001308305.1,GCF_001308305.1,False,OhrR,1.0,strict13
L. plantarum,GCF_001308305.1,GCF_001308305.1,False,Catalase,1.0,strict13
L. plantarum,GCF_001308305.1,GCF_001308305.1,False,Fur,0.0,strict13
L. plantarum,GCF_001308305.1,GCF_001308305.1,False,Rex,1.0,strict13
L. plantarum,GCF_001308305.1,GCF_001308305.1,False,Spx,1.0,strict13
L. plantarum,GCF_001308305.1,GCF_001308305.1,False,SOD,0.0,strict13
L. plantarum,GCF_001308305.1,GCF_001308305.1,False,Nox,1.0,strict13
L. plantarum,GCF_001308305.1,GCF_001308305.1,False,Glutathione_system,0.0,strict13
L. plantarum,GCF_001308305.1,GCF_001308305.1,False,Thioredoxin_system,1.0,strict13
L. plantarum,GCF_001308305.1,GCF_001308305.1,False,RecA,1.0,strict13
L. plantarum,GCF_001308305.1,GCF_001308305.1,False,UvrABC,1.0,strict13
L. plantarum,GCF_001308305.1,GCF_001308305.1,False,Mn_transport,1.0,strict13
L. plantarum,GCF_001331925.2,GCF_001331925.2,False,PerR,1.0,strict13
L. plantarum,GCF_001331925.2,GCF_001331925.2,False,OhrR,1.0,strict13
L. plantarum,GCF_001331925.2,GCF_001331925.2,False,Catalase,1.0,strict13
L. plantarum,GCF_001331925.2,GCF_001331925.2,False,Fur,0.0,strict13
L. plantarum,GCF_001331925.2,GCF_001331925.2,False,Rex,1.0,strict13
L. plantarum,GCF_001331925.2,GCF_001331925.2,False,Spx,1.0,strict13
L. plantarum,GCF_001331925.2,GCF_001331925.2,False,SOD,0.0,strict13
L. plantarum,GCF_001331925.2,GCF_001331925.2,False,Nox,1.0,strict13
L. plantarum,GCF_001331925.2,GCF_001331925.2,False,Glutathione_system,0.0,strict13
L. plantarum,GCF_001331925.2,GCF_001331925.2,False,Thioredoxin_system,1.0,strict13
L. plantarum,GCF_001331925.2,GCF_001331925.2,False,RecA,1.0,strict13
L. plantarum,GCF_001331925.2,GCF_001331925.2,False,UvrABC,1.0,strict13
L. plantarum,GCF_001331925.2,GCF_001331925.2,False,Mn_transport,1.0,strict13
